Workbook

Sheet Istruzioni
A1: Libreria blocchi di allenamento – Nuoto e Pallanuoto
A3: Come è fatto questo file
A4: • Foglio «Blocchi»: un blocco per riga (titolo, sport, fase, obiettivo, livelli, attrezzi, stato).
A5: • Foglio «Parti»: le serie di ogni blocco, una per riga, collegate al blocco tramite l'ID (colonna A). È il dettaglio che l'app importa.
A6: • Foglio «Legenda»: zone di intensità, elenchi dei valori ammessi e il passo medio usato per stimare la durata.
A8: Come modificarlo
A9: • Puoi cambiare, aggiungere o cancellare qualsiasi riga. Le colonne con sfondo grigio (Metri totali, Durata stimata) si calcolano da sole: non scriverci dentro.
A10: • Nuovo blocco: aggiungi una riga in «Blocchi» con un ID nuovo (es. N-300, P-120) e una o più righe in «Parti» con lo stesso ID.
A11: • Giri = quante volte si ripete il gruppo di parti (es. 4x(3x100) → Giri 4, Ripetizioni 3, Distanza 100).
A12: • Lavori a tempo (pallanuoto, gambe, a secco): lascia vuota la Distanza e compila la Durata in secondi.
A13: • Recupero in secondi: è la pausa indicativa. Le ripartenze precise le calcola l'app dai test degli atleti e dalla zona.
A14: • La colonna «Descrizione» è un riassunto da leggere: se cambi le Parti, aggiornala a mano (fa fede il foglio Parti).
... A22: Nota: è una libreria di base generica, da adattare al tuo metodo. Zone, recuperi e livelli sono indicativi.

Sheet Blocchi
A1: ID | B1: Sport | C1: Fase | D1: Obiettivo | E1: Zone | F1: Titolo | G1: Descrizione | H1: Stile principale | I1: Livelli / categorie | J1: Attrezzi | K1: Metri totali | L1: Durata stimata (min) | M1: Note per l'allenatore | N1: Stato | O1: Fonte
A2: N-001 | B2: Entrambi | C2: Riscaldamento | D2: Recupero | E2: A1 | F2: 400 misto sciolto | G2: 200 SL sciolto [A1] + 100 DO sciolto [A1] + 100 RA sciolto [A1] | H2: Vari | I2: Ragazzi, Assoluti, Master | K2: =SUMPRODUCT((Parti!$A$2:$A$3000=A2)*Parti!$C$2:$C$3000*Parti!$D$2:$D$3000*Parti!$E$2:$E$3000) -> 400 | L2: =ROUND((K2*Legenda!$H$2/100+SUMPRODUCT((Parti!$A$2:$A$3000=A2)*Parti!$C$2:$C$3000*Parti!$D$2:$D$3000*(Parti!$F$2:$F$3000+Parti!$J$2:$J$3000)))/60,0) -> 7 | N2: approvato | O2: Libreria base
A3: N-002 | B3: Entrambi | C3: Riscaldamento | D3: Aerobico | E3: A1 | F3: 300 SL respirazione 3-5-7 | G3: 3x100 SL respirazione ogni 3-5-7 bracciate per 25 [A1] rec 10" | H3: Stile libero | I3: Ragazzi, Assoluti, Master | K3: =SUMPRODUCT((Parti!$A$2:$A$3000=A3)*Parti!$C$2:$C$3000*Parti!$D$2:$D$3000*Parti!$E$2:$E$3000) -> 300 | L3: =ROUND((K3*Legenda!$H$2/100+SUMPRODUCT((Parti!$A$2:$A$3000=A3)*Parti!$C$2:$C$3000*Parti!$D$2:$D$3000*(Parti!$F$2:$F$3000+Parti!$J$2:$J$3000)))/60,0) -> 6 | N3: approvato | O3: Libreria base
A4: N-003 | B4: Entrambi | C4: Riscaldamento | D4: Aerobico | E4: A1 | F4: 8x50 misti ordine inverso | G4: 8x50 MX 25 stile + 25 stile successivo, ordine inverso [A1] rec 15" | H4: Misti | I4: Ragazzi, Assoluti | K4: =SUMPRODUCT((Parti!$A$2:$A$3000=A4)*Parti!$C$2:$C$3000*Parti!$D$2:$D$3000*Parti!$E$2:$E$3000) -> 400 | L4: =ROUND((K4*Legenda!$H$2/100+SUMPRODUCT((Parti!$A$2:$A$3000=A4)*Parti!$C$2:$C$3000*Parti!$D$2:$D$3000*(Parti!$F$2:$F$3000+Parti!$J$2:$J$3000)))/60,0) -> 9 | N4: approvato | O4: Libreria base
A5: N-004 | B5: Entrambi | C5: Riscaldamento | D5: Aerobico | E5: A1 | F5: 3x200 variato | G5: 200 SL [A1] rec 20" + 200 DO [A1] rec 20" + 200 MX sciolto [A1] | H5: Vari | I5: Ragazzi, Assoluti | K5: =SUMPRODUCT((Parti!$A$2:$A$3000=A5)*Parti!$C$2:$C$3000*Parti!$D$2:$D$3000*Parti!$E$2:$E$3000) -> 600 | L5: =ROUND((K5*Legenda!$H$2/100+SUMPRODUCT((Parti!$A$2:$A$3000=A5)*Parti!$C$2:$C$3000*Parti!$D$2:$D$3000*(Parti!$F$2:$F$3000+Parti!$J$2:$J$3000)))/60,0) -> 12 | N5: approvato | O5: Libreria base
A6: N-005 | B6: Entrambi | C6: Riscaldamento | D6: Aerobico | E6: A1 | F6: 400 SL progressivo per 100 | G6: 4x100 SL progressivo per 100 (da A1 ad A2) [A1] rec 10" | H6: Stile libero | I6: Ragazzi, Assoluti, Master | K6: =SUMPRODUCT((Parti!$A$2:$A$3000=A6)*Parti!$C$2:$C$3000*Parti!$D$2:$D$3000*Parti!$E$2:$E$3000) -> 400 | L6: =ROUND((K6*Legenda!$H$2/100+SUMPRODUCT((Parti!$A$2:$A$3000=A6)*Parti!$C$2:$C$3000*Parti!$D$2:$D$3000*(Parti!$F$2:$F$3000+Parti!$J$2:$J$3000)))/60,0) -> 8 | N6: approvato | O6: Libreria base
A7: N-006 | B7: Entrambi | C7: Riscaldamento | D7: Aerobico | E7: A1 | F7: 600 variato gambe/braccia | G7: 200 SL [A1] rec 20" + 4x50 scelta gambe [A1] rec 15" (Tavoletta) + 4x50 SL braccia [A1] rec 15" (Pull buoy) | H7: Vari | I7: Ragazzi, Assoluti | J7: Pull buoy, Tavoletta | K7: =SUMPRODUCT((Parti!$A$2:$A$3000=A7)*Parti!$C$2:$C$3000*Parti!$D$2:$D$3000*Parti!$E$2:$E$3000) -> 600 | L7: =ROUND((K7*Legenda!$H$2/100+SUMPRODUCT((Parti!$A$2:$A$3000=A7)*Parti!$C$2:$C$3000*Parti!$D$2:$D$3000*(Parti!$F$2:$F$3000+Parti!$J$2:$J$3000)))/60,0) -> 13 | N7: approvato | O7: Libreria base
A8: N-007 | B8: Entrambi | C8: Riscaldamento | D8: Aerobico | E8: A1 | F8: Riscaldamento esordienti 300 | G8: 100 SL [A1] rec 20" + 100 DO [A1] rec 20" + 4x25 scelta tecnica a scelta [A1] rec 20" | H8: Vari | I8: Esordienti | K8: =SUMPRODUCT((Parti!$A$2:$A$3000=A8)*Parti!$C$2:$C$3000*Parti!$D$2:$D$3000*Parti!$E$2:$E$3000) -> 300 | L8: =ROUND((K8*Legenda!$H$2/100+SUMPRODUCT((Parti!$A$2:$A$3000=A8)*Parti!$C$2:$C$3000*Parti!$D$2:$D$3000*(Parti!$F$2:$F$3000+Parti!$J$2:$J$3000)))/60,0) -> 8 | N8: approvato | O8: Libreria base
A9: N-008 | B9: Nuoto | C9: Riscaldamento | D9: Aerobico | E9: A1 | F9: 4x50 dorso/SL esordienti | G9: 4x50 MX 25 dorso + 25 SL [A1] rec 20" | H9: Misti | I9: Esordienti | K9: =SUMPRODUCT((Parti!$A$2:$A$3000=A9)*Parti!$C$2:$C$3000*Parti!$D$2:$D$3000*Parti!$E$2:$E$3000) -> 200 | L9: =ROUND((K9*Legenda!$H$2/100+SUMPRODUCT((Parti!$A$2:$A$3000=A9)*Parti!$C$2:$C$3000*Parti!$D$2:$D$3000*(Parti!$F$2:$F$3000+Parti!$J$2:$J$3000)))/60,0) -> 5 | N9: approvato | O9: Libreria base
A10: N-009 | B10: Entrambi | C10: Riscaldamento | D10: Aerobico | E10: A1 | F10: Riscaldamento master 500 | G10: 300 scelta sciolto [A1] rec 30" + 4x50 MX sciolto [A1] rec 20" | H10: Vari | I10: Master | K10: =SUMPRODUCT((Parti!$A$2:$A$3000=A10)*Parti!$C$2:$C$3000*Parti!$D$2:$D$3000*Parti!$E$2:$E$3000) -> 500 | L10: =ROUND((K10*Legenda!$H$2/100+SUMPRODUCT((Parti!$A$2:$A$3000=A10)*Parti!$C$2:$C$3000*Parti!$D$2:$D$3000*(Parti!$F$2:$F$3000+Parti!$J$2:$J$3000)))/60,0) -> 11 | N10: approvato | O10: Libreria base
A11: N-010 | B11: Entrambi | C11: Riscaldamento | D11: Aerobico | E11: A1 | F11: 4x100 SL + stile del giorno | G11: 4x100 MX 50 SL + 50 stile del giorno [A1] rec 15" | H11: Misti | I11: Ragazzi, Assoluti, Master | K11: =SUMPRODUCT((Parti!$A$2:$A$3000=A11)*Parti!$C$2:$C$3000*Parti!$D$2:$D$3000*Parti!$E$2:$E$3000) -> 400 | L11: =ROUND((K11*Legenda!$H$2/100+SUMPRODUCT((Parti!$A$2:$A$3000=A11)*Parti!$C$2:$C$3000*Parti!$D$2:$D$3000*(Parti!$F$2:$F$3000+Parti!$J$2:$J$3000)))/60,0) -> 8 | N11: approvato | O11: Libreria base
A12: N-011 | B12: Entrambi | C12: Riscaldamento | D12: Aerobico | E12: A1 | F12: 800 continuo variato | G12: 200 SL [A1] + 200 DO [A1] + 200 scelta gambe [A1] (Pinne) + 200 SL [A1] | H12: Vari | I12: Assoluti | J12: Pinne | K12: =SUMPRODUCT((Parti!$A$2:$A$3000=A12)*Parti!$C$2:$C$3000*Parti!$D$2:$D$3000*Parti!$E$2:$E$3000) -> 800 | L12: =ROUND((K12*Legenda!$H$2/100+SUMPRODUCT((Parti!$A$2:$A$3000=A12)*Parti!$C$2:$C$3000*Parti!$D$2:$D$3000*(Parti!$F$2:$F$3000+Parti!$J$2:$J$3000)))/60,0) -> 15 | N12: approvato | O12: Libreria base
A13: N-012 | B13: Entrambi | C13: Riscaldamento | D13: Aerobico | E13: A1 | F13: 6x100 SL/DO progressivo | G13: 6x100 MX dispari SL, pari dorso, progressivo per serie [A1] rec 15" | H13: Misti | I13: Ragazzi, Assoluti | K13: =SUMPRODUCT((Parti!$A$2:$A$3000=A13)*Parti!$C$2:$C$3000*Parti!$D$2:$D$3000*Parti!$E$2:$E$3000) -> 600 | L13: =ROUND((K13*Legenda!$H$2/100+SUMPRODUCT((Parti!$A$2:$A$3000=A13)*Parti!$C$2:$C$3000*Parti!$D$2:$D$3000*(Parti!$F$2:$F$3000+Parti!$J$2:$J$3000)))/60,0) -> 13 | N13: approvato | O13: Libreria base
A14: N-013 | B14: Nuoto | C14: Riscaldamento | D14: Tecnica | E14: A1 | F14: Riscaldamento rana | G14: 200 SL [A1] rec 20" + 4x50 RA 2 gambate 1 bracciata [A1] rec 15" + 4x50 RA nuotato [A1] rec 15" | H14: Vari | I14: Ragazzi, Assoluti, Master | K14: =SUMPRODUCT((Parti!$A$2:$A$3000=A14)*Parti!$C$2:$C$3000*Parti!$D$2:$D$3000*Parti!$E$2:$E$3000) -> 600 | L14: =ROUND((K14*Legenda!$H$2/100+SUMPRODUCT((Parti!$A$2:$A$3000=A14)*Parti!$C$2:$C$3000*Parti!$D$2:$D$3000*(Parti!$F$2:$F$3000+Parti!$J$2:$J$3000)))/60,0) -> 13 | N14: approvato | O14: Libreria base
A15: N-014 | B15: Nuoto | C15: Riscaldamento | D15: Tecnica | E15: A1 | F15: Riscaldamento delfino | G15: 300 SL [A1] rec 20" + 6x25 DF braccio singolo dx/sx [A1] rec 15" (Pinne) + 4x25 DF nuotato [A1] rec 20" | H15: Vari | I15: Ragazzi, Assoluti | J15: Pinne | K15: =SUMPRODUCT((Parti!$A$2:$A$3000=A15)*Parti!$C$2:$C$3000*Parti!$D$2:$D$3000*Parti!$E$2:$E$3000) -> 550 | L15: =ROUND((K15*Legenda!$H$2/100+SUMPRODUCT((Parti!$A$2:$A$3000=A15)*Parti!$C$2:$C$3000*Parti!$D$2:$D$3000*(Parti!$F$2:$F$3000+Parti!$J$2:$J$3000)))/60,0) -> 13 | N15: approvato | O15: Libreria base
A16: N-015 | B16: Nuoto | C16: Riscaldamento | D16: Tecnica | E16: A1 | F16: Riscaldamento dorso | G16: 200 SL [A1] rec 20" + 4x50 DO braccio singolo / doppio braccio [A1] rec 15" + 4x50 DO nuotato [A1] rec 15" | H16: Vari | I16: Ragazzi, Assoluti, Master | K16: =SUMPRODUCT((Parti!$A$2:$A$3000=A16)*Parti!$C$2:$C$3000*Parti!$D$2:$D$3000*Parti!$E$2:$E$3000) -> 600 | L16: =ROUND((K16*Legenda!$H$2/100+SUMPRODUCT((Parti!$A$2:$A$3000=A16)*Parti!$C$2:$C$3000*Parti!$D$2:$D$3000*(Parti!$F$2:$F$3000+Parti!$J$2:$J$3000)))/60,0) -> 13 | N16: approvato | O16: Libreria base
A17: N-016 | B17: Nuoto | C17: Riscaldamento | D17: Velocità | E17: A1 / A2 / RG / V | F17: Riscaldamento pre-gara | G17: 400 scelta sciolto [A1] rec 30" + 4x50 SL progressivi [A2] rec 20" + 4x25 scelta ritmo gara [RG] rec 40" + 2x15 scelta sprint dal blocco [V] rec 1' | H17: Vari | I17: Ragazzi, Assoluti | K17: =SUMPRODUCT((Parti!$A$2:$A$3000=A17)*Parti!$C$2:$C$3000*Parti!$D$2:$D$3000*Parti!$E$2:$E$3000) -> 730 | L17: =ROUND((K17*Legenda!$H$2/100+SUMPRODUCT((Parti!$A$2:$A$3000=A17)*Parti!$C$2:$C$3000*Parti!$D$2:$D$3000*(Parti!$F$2:$F$3000+Parti!$J$2:$J$3000)))/60,0) -> 20 | M17: Da usare il giorno della gara o nella seduta di rifinitura. | N17: approvato | O17: Libreria base
A18: N-017 | B18: Entrambi | C18: Riscaldamento | D18: Aerobico | E18: A1 | F18: 400 con pinne | G18: 400 MX 100 SL + 100 dorso + 100 delfino-ondulazioni + 100 SL [A1] (Pinne) | H18: Misti | I18: Ragazzi, Assoluti, Master | J18: Pinne | K18: =SUMPRODUCT((Parti!$A$2:$A$3000=A18)*Parti!$C$2:$C$3000*Parti!$D$2:$D$3000*Parti!$E$2:$E$3000) -> 400 | L18: =ROUND((K18*Legenda!$H$2/100+SUMPRODUCT((Parti!$A$2:$A$3000=A18)*Parti!$C$2:$C$3000*Parti!$D$2:$D$3000*(Parti!$F$2:$F$3000+Parti!$J$2:$J$3000)))/60,0) -> 7 | N18: approvato | O18: Libreria base
A19: N-018 | B19: Entrambi | C19: Attivazione | D19: Velocità | E19: B1 | F19: 6x25 SL progressivi | G19: 6x25 SL progressivi nella serie [B1] rec 20" | H19: Stile libero | I19: Esordienti, Ragazzi, Assoluti, Master | K19: =SUMPRODUCT((Parti!$A$2:$A$3000=A19)*Parti!$C$2:$C$3000*Parti!$D$2:$D$3000*Parti!$E$2:$E$3000) -> 150 | L19: =ROUND((K19*Legenda!$H$2/100+SUMPRODUCT((Parti!$A$2:$A$3000=A19)*Parti!$C$2:$C$3000*Parti!$D$2:$D$3000*(Parti!$F$2:$F$3000+Parti!$J$2:$J$3000)))/60,0) -> 5 | N19: approvato | O19: Libreria base
A20: N-019 | B20: Nuoto | C20: Attivazione | D20: Velocità | E20: B1 | F20: 6x25 DO progressivi | G20: 6x25 DO progressivi nella serie [B1] rec 20" | H20: Dorso | I20: Esordienti, Ragazzi, Assoluti, Master | K20: =SUMPRODUCT((Parti!$A$2:$A$3000=A20)*Parti!$C$2:$C$3000*Parti!$D$2:$D$3000*Parti!$E$2:$E$3000) -> 150 | L20: =ROUND((K20*Legenda!$H$2/100+SUMPRODUCT((Parti!$A$2:$A$3000=A20)*Parti!$C$2:$C$3000*Parti!$D$2:$D$3000*(Parti!$F$2:$F$3000+Parti!$J$2:$J$3000)))/60,0) -> 5 | N20: approvato | O20: Libreria base
A21: N-020 | B21: Nuoto | C21: Attivazione | D21: Velocità | E21: B1 | F21: 6x25 RA progressivi | G21: 6x25 RA progressivi nella serie [B1] rec 20" | H21: Rana | I21: Esordienti, Ragazzi, Assoluti, Master | K21: =SUMPRODUCT((Parti!$A$2:$A$3000=A21)*Parti!$C$2:$C$3000*Parti!$D$2:$D$3000*Parti!$E$2:$E$3000) -> 150 | L21: =ROUND((K21*Legenda!$H$2/100+SUMPRODUCT((Parti!$A$2:$A$3000=A21)*Parti!$C$2:$C$3000*Parti!$D$2:$D$3000*(Parti!$F$2:$F$3000+Parti!$J$2:$J$3000)))/60,0) -> 5 | N21: approvato | O21: Libreria base
A22: N-021 | B22: Nuoto | C22: Attivazione | D22: Velocità | E22: B1 | F22: 6x25 DF progressivi | G22: 6x25 DF progressivi nella serie [B1] rec 20" | H22: Delfino | I22: Esordienti, Ragazzi, Assoluti, Master | K22: =SUMPRODUCT((Parti!$A$2:$A$3000=A22)*Parti!$C$2:$C$3000*Parti!$D$2:$D$3000*Parti!$E$2:$E$3000) -> 150 | L22: =ROUND((K22*Legenda!$H$2/100+SUMPRODUCT((Parti!$A$2:$A$3000=A22)*Parti!$C$2:$C$3000*Parti!$D$2:$D$3000*(Parti!$F$2:$F$3000+Parti!$J$2:$J$3000)))/60,0) -> 5 | N22: approvato | O22: Libreria base
A23: N-022 | B23: Entrambi | C23: Attivazione | D23: Velocità | E23: B1 | F23: 6x25 MX progressivi | G23: 6x25 MX progressivi nella serie [B1] rec 20" | H23: Misti | I23: Esordienti, Ragazzi, Assoluti, Master | K23: =SUMPRODUCT((Parti!$A$2:$A$3000=A23)*Parti!$C$2:$C$3000*Parti!$D$2:$D$3000*Parti!$E$2:$E$3000) -> 150 | L23: =ROUND((K23*Legenda!$H$2/100+SUMPRODUCT((Parti!$A$2:$A$3000=A23)*Parti!$C$2:$C$3000*Parti!$D$2:$D$3000*(Parti!$F$2:$F$3000+Parti!$J$2:$J$3000)))/60,0) -> 5 | N23: approvato | O23: Libreria base
A24: N-023 | B24: Entrambi | C24: Attivazione | D24: Velocità | E24: B1 | F24: 4x50 SL build-up | G24: 4x50 SL crescente nella vasca [B1] rec 20" | H24: Stile libero | I24: Ragazzi, Assoluti, Master | K24: =SUMPRODUCT((Parti!$A$2:$A$3000=A24)*Parti!$C$2:$C$3000*Parti!$D$2:$D$3000*Parti!$E$2:$E$3000) -> 200 | L24: =ROUND((K24*Legenda!$H$2/100+SUMPRODUCT((Parti!$A$2:$A$3000=A24)*Parti!$C$2:$C$3000*Parti!$D$2:$D$3000*(Parti!$F$2:$F$3000+Parti!$J$2:$J$3000)))/60,0) -> 5 | N24: approvato | O24: Libreria base
A25: N-024 | B25: Nuoto | C25: Attivazione | D25: Velocità | E25: B1 | F25: 4x50 stile principale build-up | G25: 4x50 scelta stile principale, crescente nella vasca [B1] rec 20" | H25: A scelta | I25: Ragazzi, Assoluti | K25: =SUMPRODUCT((Parti!$A$2:$A$3000=A25)*Parti!$C$2:$C$3000*Parti!$D$2:$D$3000*Parti!$E$2:$E$3000) -> 200 | L25: =ROUND((K25*Legenda!$H$2/100+SUMPRODUCT((Parti!$A$2:$A$3000=A25)*Parti!$C$2:$C$3000*Parti!$D$2:$D$3000*(Parti!$F$2:$F$3000+Parti!$J$2:$J$3000)))/60,0) -> 5 | N25: approvato | O25: Libreria base
A26: N-025 | B26: Entrambi | C26: Attivazione | D26: Velocità | E26: V | F26: 8x25 12,5 veloce + 12,5 facile | G26: 8x25 scelta 12,5 m veloce + 12,5 m facile [V] rec 20" | H26: A scelta | I26: Esordienti, Ragazzi, Assoluti, Master | K26: =SUMPRODUCT((Parti!$A$2:$A$3000=A26)*Parti!$C$2:$C$3000*Parti!$D$2:$D$3000*Parti!$E$2:$E$3000) -> 200 | L26: =ROUND((K26*Legenda!$H$2/100+SUMPRODUCT((Parti!$A$2:$A$3000=A26)*Parti!$C$2:$C$3000*Parti!$D$2:$D$3000*(Parti!$F$2:$F$3000+Parti!$J$2:$J$3000)))/60,0) -> 6 | N26: approvato | O26: Libreria base
A27: N-026 | B27: Entrambi | C27: Attivazione | D27: Velocità | E27: B2 | F27: 4x(25 veloce + 25 facile) | G27: 4x50 scelta 25 veloce + 25 facile [B2] rec 15" | H27: A scelta | I27: Ragazzi, Assoluti, Master | K27: =SUMPRODUCT((Parti!$A$2:$A$3000=A27)*Parti!$C$2:$C$3000*Parti!$D$2:$D$3000*Parti!$E$2:$E$3000) -> 200 | L27: =ROUND((K27*Legenda!$H$2/100+SUMPRODUCT((Parti!$A$2:$A$3000=A27)*Parti!$C$2:$C$3000*Parti!$D$2:$D$3000*(Parti!$F$2:$F$3000+Parti!$J$2:$J$3000)))/60,0) -> 5 | N27: approvato | O27: Libreria base
A28: N-027 | B28: Nuoto | C28: Attivazione | D28: Velocità | E28: V | F28: 6x15 partenza dal blocco | G28: 6x15 scelta partenza dal blocco, uscita e prime bracciate [V] rec 45" | H28: A scelta | I28: Ragazzi, Assoluti | K28: =SUMPRODUCT((Parti!$A$2:$A$3000=A28)*Parti!$C$2:$C$3000*Parti!$D$2:$D$3000*Parti!$E$2:$E$3000) -> 90 | L28: =ROUND((K28*Legenda!$H$2/100+SUMPRODUCT((Parti!$A$2:$A$3000=A28)*Parti!$C$2:$C$3000*Parti!$D$2:$D$3000*(Parti!$F$2:$F$3000+Parti!$J$2:$J$3000)))/60,0) -> 6 | N28: approvato | O28: Libreria base
A29: N-028 | B29: Nuoto | C29: Attivazione | D29: Velocità | E29: V | F29: 6x15 uscite subacquee | G29: 6x15 DF ondulazioni subacquee fino a 10-15 m [V] rec 40" | H29: Delfino | I29: Ragazzi, Assoluti | K29: =SUMPRODUCT((Parti!$A$2:$A$3000=A29)*Parti!$C$2:$C$3000*Parti!$D$2:$D$3000*Parti!$E$2:$E$3000) -> 90 | L29: =ROUND((K29*Legenda!$H$2/100+SUMPRODUCT((Parti!$A$2:$A$3000=A29)*Parti!$C$2:$C$3000*Parti!$D$2:$D$3000*(Parti!$F$2:$F$3000+Parti!$J$2:$J$3000)))/60,0) -> 6 | N29: approvato | O29: Libreria base
A30: N-029 | B30: Nuoto | C30: Attivazione | D30: Velocità | E30: RG | F30: 4x25 ritmo gara | G30: 4x25 scelta ritmo gara della distanza obiettivo [RG] rec 40" | H30: A scelta | I30: Ragazzi, Assoluti | K30: =SUMPRODUCT((Parti!$A$2:$A$3000=A30)*Parti!$C$2:$C$3000*Parti!$D$2:$D$3000*Parti!$E$2:$E$3000) -> 100 | L30: =ROUND((K30*Legenda!$H$2/100+SUMPRODUCT((Parti!$A$2:$A$3000=A30)*Parti!$C$2:$C$3000*Parti!$D$2:$D$3000*(Parti!$F$2:$F$3000+Parti!$J$2:$J$3000)))/60,0) -> 5 | N30: approvato | O30: Libreria base
... A34: N-033 | B34: Entrambi | C34: Tecnica | D34: Tecnica | E34: T | F34: SL esordienti: braccio singolo, l'altro avanti | G34: 6x25 SL braccio singolo, l'altro avanti [T] rec 20" | H34: Stile libero | I34: Esordienti | K34: =SUMPRODUCT((Parti!$A$2:$A$3000=A34)*Parti!$C$2:$C$3000*Parti!$D$2:$D$3000*Parti!$E$2:$E$3000) -> 150 | L34: =ROUND((K34*Legenda!$H$2/100+SUMPRODUCT((Parti!$A$2:$A$3000=A34)*Parti!$C$2:$C$3000*Parti!$D$2:$D$3000*(Parti!$F$2:$F$3000+Parti!$J$2:$J$3000)))/60,0) -> 5 | N34: approvato | O34: Libreria base
A35: N-034 | B35: Nuoto | C35: Tecnica | D35: Tecnica | E35: T | F35: SL: 6 battute di lato + bracciata (rotazione) | G35: 6x50 SL 25 6 battute di lato + bracciata (rotazione) + 25 nuotato [T] rec 15" (Pinne) | H35: Stile libero | I35: Ragazzi, Assoluti, Master | J35: Pinne | K35: =SUMPRODUCT((Parti!$A$2:$A$3000=A35)*Parti!$C$2:$C$3000*Parti!$D$2:$D$3000*Parti!$E$2:$E$3000) -> 300 | L35: =ROUND((K35*Legenda!$H$2/100+SUMPRODUCT((Parti!$A$2:$A$3000=A35)*Parti!$C$2:$C$3000*Parti!$D$2:$D$3000*(Parti!$F$2:$F$3000+Parti!$J$2:$J$3000)))/60,0) -> 7 | N35: approvato | O35: Libreria base
A36: N-035 | B36: Nuoto | C36: Tecnica | D36: Tecnica | E36: T | F36: SL esordienti: 6 battute di lato + bracciata (rotazione) | G36: 6x25 SL 6 battute di lato + bracciata (rotazione) [T] rec 20" (Pinne) | H36: Stile libero | I36: Esordienti | J36: Pinne | K36: =SUMPRODUCT((Parti!$A$2:$A$3000=A36)*Parti!$C$2:$C$3000*Parti!$D$2:$D$3000*Parti!$E$2:$E$3000) -> 150 | L36: =ROUND((K36*Legenda!$H$2/100+SUMPRODUCT((Parti!$A$2:$A$3000=A36)*Parti!$C$2:$C$3000*Parti!$D$2:$D$3000*(Parti!$F$2:$F$3000+Parti!$J$2:$J$3000)))/60,0) -> 5 | N36: approvato | O36: Libreria base
A37: N-036 | B37: Nuoto | C37: Tecnica | D37: Tecnica | E37: T | F37: SL: zip: dita che sfiorano il fianco | G37: 6x50 SL 25 zip: dita che sfiorano il fianco + 25 nuotato [T] rec 15" | H37: Stile libero | I37: Ragazzi, Assoluti, Master | K37: =SUMPRODUCT((Parti!$A$2:$A$3000=A37)*Parti!$C$2:$C$3000*Parti!$D$2:$D$3000*Parti!$E$2:$E$3000) -> 300 | L37: =ROUND((K37*Legenda!$H$2/100+SUMPRODUCT((Parti!$A$2:$A$3000=A37)*Parti!$C$2:$C$3000*Parti!$D$2:$D$3000*(Parti!$F$2:$F$3000+Parti!$J$2:$J$3000)))/60,0) -> 7 | N37: approvato | O37: Libreria base
A38: N-037 | B38: Nuoto | C38: Tecnica | D38: Tecnica | E38: T | F38: SL esordienti: zip: dita che sfiorano il fianco | G38: 6x25 SL zip: dita che sfiorano il fianco [T] rec 20" | H38: Stile libero | I38: Esordienti | K38: =SUMPRODUCT((Parti!$A$2:$A$3000=A38)*Parti!$C$2:$C$3000*Parti!$D$2:$D$3000*Parti!$E$2:$E$3000) -> 150 | L38: =ROUND((K38*Legenda!$H$2/100+SUMPRODUCT((Parti!$A$2:$A$3000=A38)*Parti!$C$2:$C$3000*Parti!$D$2:$D$3000*(Parti!$F$2:$F$3000+Parti!$J$2:$J$3000)))/60,0) -> 5 | N38: approvato | O38: Libreria base
A39: N-038 | B39: Nuoto | C39: Tecnica | D39: Tecnica | E39: T | F39: SL: pugni chiusi | G39: 6x50 SL 25 pugni chiusi + 25 nuotato [T] rec 15" | H39: Stile libero | I39: Ragazzi, Assoluti, Master | K39: =SUMPRODUCT((Parti!$A$2:$A$3000=A39)*Parti!$C$2:$C$3000*Parti!$D$2:$D$3000*Parti!$E$2:$E$3000) -> 300 | L39: =ROUND((K39*Legenda!$H$2/100+SUMPRODUCT((Parti!$A$2:$A$3000=A39)*Parti!$C$2:$C$3000*Parti!$D$2:$D$3000*(Parti!$F$2:$F$3000+Parti!$J$2:$J$3000)))/60,0) -> 7 | N39: approvato | O39: Libreria base
A40: N-039 | B40: Nuoto | C40: Tecnica | D40: Tecnica | E40: T | F40: SL esordienti: pugni chiusi | G40: 6x25 SL pugni chiusi [T] rec 20" | H40: Stile libero | I40: Esordienti | K40: =SUMPRODUCT((Parti!$A$2:$A$3000=A40)*Parti!$C$2:$C$3000*Parti!$D$2:$D$3000*Parti!$E$2:$E$3000) -> 150 | L40: =ROUND((K40*Legenda!$H$2/100+SUMPRODUCT((Parti!$A$2:$A$3000=A40)*Parti!$C$2:$C$3000*Parti!$D$2:$D$3000*(Parti!$F$2:$F$3000+Parti!$J$2:$J$3000)))/60,0) -> 5 | N40: approvato | O40: Libreria base
A41: N-040 | B41: Nuoto | C41: Tecnica | D41: Tecnica | E41: T | F41: SL: respirazione bilaterale ogni 3 | G41: 6x50 SL 25 respirazione bilaterale ogni 3 + 25 nuotato [T] rec 15" | H41: Stile libero | I41: Ragazzi, Assoluti, Master | K41: =SUMPRODUCT((Parti!$A$2:$A$3000=A41)*Parti!$C$2:$C$3000*Parti!$D$2:$D$3000*Parti!$E$2:$E$3000) -> 300 | L41: =ROUND((K41*Legenda!$H$2/100+SUMPRODUCT((Parti!$A$2:$A$3000=A41)*Parti!$C$2:$C$3000*Parti!$D$2:$D$3000*(Parti!$F$2:$F$3000+Parti!$J$2:$J$3000)))/60,0) -> 7 | N41: approvato | O41: Libreria base
A42: N-041 | B42: Nuoto | C42: Tecnica | D42: Tecnica | E42: T | F42: SL esordienti: respirazione bilaterale ogni 3 | G42: 6x25 SL respirazione bilaterale ogni 3 [T] rec 20" | H42: Stile libero | I42: Esordienti | K42: =SUMPRODUCT((Parti!$A$2:$A$3000=A42)*Parti!$C$2:$C$3000*Parti!$D$2:$D$3000*Parti!$E$2:$E$3000) -> 150 | L42: =ROUND((K42*Legenda!$H$2/100+SUMPRODUCT((Parti!$A$2:$A$3000=A42)*Parti!$C$2:$C$3000*Parti!$D$2:$D$3000*(Parti!$F$2:$F$3000+Parti!$J$2:$J$3000)))/60,0) -> 5 | N42: approvato | O42: Libreria base
A43: N-042 | B43: Entrambi | C43: Tecnica | D43: Tecnica | E43: T | F43: SL: testa alta (stile pallanuoto) | G43: 6x50 SL 25 testa alta (stile pallanuoto) + 25 nuotato [T] rec 15" | H43: Stile libero | I43: Ragazzi, Assoluti, Master | K43: =SUMPRODUCT((Parti!$A$2:$A$3000=A43)*Parti!$C$2:$C$3000*Parti!$D$2:$D$3000*Parti!$E$2:$E$3000) -> 300 | L43: =ROUND((K43*Legenda!$H$2/100+SUMPRODUCT((Parti!$A$2:$A$3000=A43)*Parti!$C$2:$C$3000*Parti!$D$2:$D$3000*(Parti!$F$2:$F$3000+Parti!$J$2:$J$3000)))/60,0) -> 7 | N43: approvato | O43: Libreria base
A44: N-043 | B44: Entrambi | C44: Tecnica | D44: Tecnica | E44: T | F44: SL esordienti: testa alta (stile pallanuoto) | G44: 6x25 SL testa alta (stile pallanuoto) [T] rec 20" | H44: Stile libero | I44: Esordienti | K44: =SUMPRODUCT((Parti!$A$2:$A$3000=A44)*Parti!$C$2:$C$3000*Parti!$D$2:$D$3000*Parti!$E$2:$E$3000) -> 150 | L44: =ROUND((K44*Legenda!$H$2/100+SUMPRODUCT((Parti!$A$2:$A$3000=A44)*Parti!$C$2:$C$3000*Parti!$D$2:$D$3000*(Parti!$F$2:$F$3000+Parti!$J$2:$J$3000)))/60,0) -> 5 | N44: approvato | O44: Libreria base
A45: N-044 | B45: Nuoto | C45: Tecnica | D45: Tecnica | E45: T | F45: SL: conta bracciate e riducile | G45: 6x50 SL 25 conta bracciate e riducile + 25 nuotato [T] rec 15" | H45: Stile libero | I45: Ragazzi, Assoluti, Master | K45: =SUMPRODUCT((Parti!$A$2:$A$3000=A45)*Parti!$C$2:$C$3000*Parti!$D$2:$D$3000*Parti!$E$2:$E$3000) -> 300 | L45: =ROUND((K45*Legenda!$H$2/100+SUMPRODUCT((Parti!$A$2:$A$3000=A45)*Parti!$C$2:$C$3000*Parti!$D$2:$D$3000*(Parti!$F$2:$F$3000+Parti!$J$2:$J$3000)))/60,0) -> 7 | N45: approvato | O45: Libreria base
A46: N-045 | B46: Nuoto | C46: Tecnica | D46: Tecnica | E46: T | F46: SL esordienti: conta bracciate e riducile | G46: 6x25 SL conta bracciate e riducile [T] rec 20" | H46: Stile libero | I46: Esordienti | K46: =SUMPRODUCT((Parti!$A$2:$A$3000=A46)*Parti!$C$2:$C$3000*Parti!$D$2:$D$3000*Parti!$E$2:$E$3000) -> 150 | L46: =ROUND((K46*Legenda!$H$2/100+SUMPRODUCT((Parti!$A$2:$A$3000=A46)*Parti!$C$2:$C$3000*Parti!$D$2:$D$3000*(Parti!$F$2:$F$3000+Parti!$J$2:$J$3000)))/60,0) -> 5 | N46: approvato | O46: Libreria base
A47: N-046 | B47: Nuoto | C47: Tecnica | D47: Tecnica | E47: T | F47: DO: braccio singolo | G47: 6x50 DO 25 braccio singolo + 25 nuotato [T] rec 15" | H47: Dorso | I47: Ragazzi, Assoluti, Master | K47: =SUMPRODUCT((Parti!$A$2:$A$3000=A47)*Parti!$C$2:$C$3000*Parti!$D$2:$D$3000*Parti!$E$2:$E$3000) -> 300 | L47: =ROUND((K47*Legenda!$H$2/100+SUMPRODUCT((Parti!$A$2:$A$3000=A47)*Parti!$C$2:$C$3000*Parti!$D$2:$D$3000*(Parti!$F$2:$F$3000+Parti!$J$2:$J$3000)))/60,0) -> 7 | N47: approvato | O47: Libreria base
A48: N-047 | B48: Nuoto | C48: Tecnica | D48: Tecnica | E48: T | F48: DO esordienti: braccio singolo | G48: 6x25 DO braccio singolo [T] rec 20" | H48: Dorso | I48: Esordienti | K48: =SUMPRODUCT((Parti!$A$2:$A$3000=A48)*Parti!$C$2:$C$3000*Parti!$D$2:$D$3000*Parti!$E$2:$E$3000) -> 150 | L48: =ROUND((K48*Legenda!$H$2/100+SUMPRODUCT((Parti!$A$2:$A$3000=A48)*Parti!$C$2:$C$3000*Parti!$D$2:$D$3000*(Parti!$F$2:$F$3000+Parti!$J$2:$J$3000)))/60,0) -> 5 | N48: approvato | O48: Libreria base
... A66: N-065 | B66: Nuoto | C66: Tecnica | D66: Tecnica | E66: T | F66: RA esordienti: scivolata lunga (conta 2) | G66: 6x25 RA scivolata lunga (conta 2) [T] rec 20" | H66: Rana | I66: Esordienti | K66: =SUMPRODUCT((Parti!$A$2:$A$3000=A66)*Parti!$C$2:$C$3000*Parti!$D$2:$D$3000*Parti!$E$2:$E$3000) -> 150 | L66: =ROUND((K66*Legenda!$H$2/100+SUMPRODUCT((Parti!$A$2:$A$3000=A66)*Parti!$C$2:$C$3000*Parti!$D$2:$D$3000*(Parti!$F$2:$F$3000+Parti!$J$2:$J$3000)))/60,0) -> 5 | N66: approvato | O66: Libreria base
A67: N-066 | B67: Nuoto | C67: Tecnica | D67: Tecnica | E67: T | F67: RA: braccia rana con pull buoy | G67: 6x50 RA 25 braccia rana con pull buoy + 25 nuotato [T] rec 15" (Pull buoy) | H67: Rana | I67: Ragazzi, Assoluti, Master | J67: Pull buoy | K67: =SUMPRODUCT((Parti!$A$2:$A$3000=A67)*Parti!$C$2:$C$3000*Parti!$D$2:$D$3000*Parti!$E$2:$E$3000) -> 300 | L67: =ROUND((K67*Legenda!$H$2/100+SUMPRODUCT((Parti!$A$2:$A$3000=A67)*Parti!$C$2:$C$3000*Parti!$D$2:$D$3000*(Parti!$F$2:$F$3000+Parti!$J$2:$J$3000)))/60,0) -> 7 | N67: approvato | O67: Libreria base
A68: N-067 | B68: Nuoto | C68: Tecnica | D68: Tecnica | E68: T | F68: RA esordienti: braccia rana con pull buoy | G68: 6x25 RA braccia rana con pull buoy [T] rec 20" (Pull buoy) | H68: Rana | I68: Esordienti | J68: Pull buoy | K68: =SUMPRODUCT((Parti!$A$2:$A$3000=A68)*Parti!$C$2:$C$3000*Parti!$D$2:$D$3000*Parti!$E$2:$E$3000) -> 150 | L68: =ROUND((K68*Legenda!$H$2/100+SUMPRODUCT((Parti!$A$2:$A$3000=A68)*Parti!$C$2:$C$3000*Parti!$D$2:$D$3000*(Parti!$F$2:$F$3000+Parti!$J$2:$J$3000)))/60,0) -> 5 | N68: approvato | O68: Libreria base
A69: N-068 | B69: Nuoto | C69: Tecnica | D69: Tecnica | E69: T | F69: RA: bracciata stretta e veloce, ritorno rapido | G69: 6x50 RA 25 bracciata stretta e veloce, ritorno rapido + 25 nuotato [T] rec 15" | H69: Rana | I69: Ragazzi, Assoluti, Master | K69: =SUMPRODUCT((Parti!$A$2:$A$3000=A69)*Parti!$C$2:$C$3000*Parti!$D$2:$D$3000*Parti!$E$2:$E$3000) -> 300 | L69: =ROUND((K69*Legenda!$H$2/100+SUMPRODUCT((Parti!$A$2:$A$3000=A69)*Parti!$C$2:$C$3000*Parti!$D$2:$D$3000*(Parti!$F$2:$F$3000+Parti!$J$2:$J$3000)))/60,0) -> 7 | N69: approvato | O69: Libreria base
A70: N-069 | B70: Nuoto | C70: Tecnica | D70: Tecnica | E70: T | F70: RA esordienti: bracciata stretta e veloce, ritorno rapido | G70: 6x25 RA bracciata stretta e veloce, ritorno rapido [T] rec 20" | H70: Rana | I70: Esordienti | K70: =SUMPRODUCT((Parti!$A$2:$A$3000=A70)*Parti!$C$2:$C$3000*Parti!$D$2:$D$3000*Parti!$E$2:$E$3000) -> 150 | L70: =ROUND((K70*Legenda!$H$2/100+SUMPRODUCT((Parti!$A$2:$A$3000=A70)*Parti!$C$2:$C$3000*Parti!$D$2:$D$3000*(Parti!$F$2:$F$3000+Parti!$J$2:$J$3000)))/60,0) -> 5 | N70: approvato | O70: Libreria base
A71: N-070 | B71: Nuoto | C71: Tecnica | D71: Tecnica | E71: T | F71: DF: braccio singolo dx/sx | G71: 6x50 DF 25 braccio singolo dx/sx + 25 nuotato [T] rec 15" (Pinne) | H71: Delfino | I71: Ragazzi, Assoluti, Master | J71: Pinne | K71: =SUMPRODUCT((Parti!$A$2:$A$3000=A71)*Parti!$C$2:$C$3000*Parti!$D$2:$D$3000*Parti!$E$2:$E$3000) -> 300 | L71: =ROUND((K71*Legenda!$H$2/100+SUMPRODUCT((Parti!$A$2:$A$3000=A71)*Parti!$C$2:$C$3000*Parti!$D$2:$D$3000*(Parti!$F$2:$F$3000+Parti!$J$2:$J$3000)))/60,0) -> 7 | N71: approvato | O71: Libreria base
A72: N-071 | B72: Nuoto | C72: Tecnica | D72: Tecnica | E72: T | F72: DF esordienti: braccio singolo dx/sx | G72: 6x25 DF braccio singolo dx/sx [T] rec 20" (Pinne) | H72: Delfino | I72: Esordienti | J72: Pinne | K72: =SUMPRODUCT((Parti!$A$2:$A$3000=A72)*Parti!$C$2:$C$3000*Parti!$D$2:$D$3000*Parti!$E$2:$E$3000) -> 150 | L72: =ROUND((K72*Legenda!$H$2/100+SUMPRODUCT((Parti!$A$2:$A$3000=A72)*Parti!$C$2:$C$3000*Parti!$D$2:$D$3000*(Parti!$F$2:$F$3000+Parti!$J$2:$J$3000)))/60,0) -> 5 | N72: approvato | O72: Libreria base
A73: N-072 | B73: Nuoto | C73: Tecnica | D73: Tecnica | E73: T | F73: DF: 3-3-3 (dx, sx, completo) | G73: 6x50 DF 25 3-3-3 (dx, sx, completo) + 25 nuotato [T] rec 15" (Pinne) | H73: Delfino | I73: Ragazzi, Assoluti, Master | J73: Pinne | K73: =SUMPRODUCT((Parti!$A$2:$A$3000=A73)*Parti!$C$2:$C$3000*Parti!$D$2:$D$3000*Parti!$E$2:$E$3000) -> 300 | L73: =ROUND((K73*Legenda!$H$2/100+SUMPRODUCT((Parti!$A$2:$A$3000=A73)*Parti!$C$2:$C$3000*Parti!$D$2:$D$3000*(Parti!$F$2:$F$3000+Parti!$J$2:$J$3000)))/60,0) -> 7 | N73: approvato | O73: Libreria base
A74: N-073 | B74: Nuoto | C74: Tecnica | D74: Tecnica | E74: T | F74: DF esordienti: 3-3-3 (dx, sx, completo) | G74: 6x25 DF 3-3-3 (dx, sx, completo) [T] rec 20" (Pinne) | H74: Delfino | I74: Esordienti | J74: Pinne | K74: =SUMPRODUCT((Parti!$A$2:$A$3000=A74)*Parti!$C$2:$C$3000*Parti!$D$2:$D$3000*Parti!$E$2:$E$3000) -> 150 | L74: =ROUND((K74*Legenda!$H$2/100+SUMPRODUCT((Parti!$A$2:$A$3000=A74)*Parti!$C$2:$C$3000*Parti!$D$2:$D$3000*(Parti!$F$2:$F$3000+Parti!$J$2:$J$3000)))/60,0) -> 5 | N74: approvato | O74: Libreria base
A75: N-074 | B75: Nuoto | C75: Tecnica | D75: Tecnica | E75: T | F75: DF: ondulazioni con braccia avanti | G75: 6x50 DF 25 ondulazioni con braccia avanti + 25 nuotato [T] rec 15" | H75: Delfino | I75: Ragazzi, Assoluti, Master | K75: =SUMPRODUCT((Parti!$A$2:$A$3000=A75)*Parti!$C$2:$C$3000*Parti!$D$2:$D$3000*Parti!$E$2:$E$3000) -> 300 | L75: =ROUND((K75*Legenda!$H$2/100+SUMPRODUCT((Parti!$A$2:$A$3000=A75)*Parti!$C$2:$C$3000*Parti!$D$2:$D$3000*(Parti!$F$2:$F$3000+Parti!$J$2:$J$3000)))/60,0) -> 7 | N75: approvato | O75: Libreria base
A76: N-075 | B76: Nuoto | C76: Tecnica | D76: Tecnica | E76: T | F76: DF esordienti: ondulazioni con braccia avanti | G76: 6x25 DF ondulazioni con braccia avanti [T] rec 20" | H76: Delfino | I76: Esordienti | K76: =SUMPRODUCT((Parti!$A$2:$A$3000=A76)*Parti!$C$2:$C$3000*Parti!$D$2:$D$3000*Parti!$E$2:$E$3000) -> 150 | L76: =ROUND((K76*Legenda!$H$2/100+SUMPRODUCT((Parti!$A$2:$A$3000=A76)*Parti!$C$2:$C$3000*Parti!$D$2:$D$3000*(Parti!$F$2:$F$3000+Parti!$J$2:$J$3000)))/60,0) -> 5 | N76: approvato | O76: Libreria base
A77: N-076 | B77: Nuoto | C77: Tecnica | D77: Tecnica | E77: T | F77: DF: braccia delfino + gambe stile | G77: 6x50 DF 25 braccia delfino + gambe stile + 25 nuotato [T] rec 15" | H77: Delfino | I77: Ragazzi, Assoluti, Master | K77: =SUMPRODUCT((Parti!$A$2:$A$3000=A77)*Parti!$C$2:$C$3000*Parti!$D$2:$D$3000*Parti!$E$2:$E$3000) -> 300 | L77: =ROUND((K77*Legenda!$H$2/100+SUMPRODUCT((Parti!$A$2:$A$3000=A77)*Parti!$C$2:$C$3000*Parti!$D$2:$D$3000*(Parti!$F$2:$F$3000+Parti!$J$2:$J$3000)))/60,0) -> 7 | N77: approvato | O77: Libreria base
A78: N-077 | B78: Nuoto | C78: Tecnica | D78: Tecnica | E78: T | F78: DF esordienti: braccia delfino + gambe stile | G78: 6x25 DF braccia delfino + gambe stile [T] rec 20" | H78: Delfino | I78: Esordienti | K78: =SUMPRODUCT((Parti!$A$2:$A$3000=A78)*Parti!$C$2:$C$3000*Parti!$D$2:$D$3000*Parti!$E$2:$E$3000) -> 150 | L78: =ROUND((K78*Legenda!$H$2/100+SUMPRODUCT((Parti!$A$2:$A$3000=A78)*Parti!$C$2:$C$3000*Parti!$D$2:$D$3000*(Parti!$F$2:$F$3000+Parti!$J$2:$J$3000)))/60,0) -> 5 | N78: approvato | O78: Libreria base
A79: N-078 | B79: Nuoto | C79: Tecnica | D79: Tecnica | E79: T | F79: DF: 2 gambate per bracciata accentuate | G79: 6x50 DF 25 2 gambate per bracciata accentuate + 25 nuotato [T] rec 15" | H79: Delfino | I79: Ragazzi, Assoluti, Master | K79: =SUMPRODUCT((Parti!$A$2:$A$3000=A79)*Parti!$C$2:$C$3000*Parti!$D$2:$D$3000*Parti!$E$2:$E$3000) -> 300 | L79: =ROUND((K79*Legenda!$H$2/100+SUMPRODUCT((Parti!$A$2:$A$3000=A79)*Parti!$C$2:$C$3000*Parti!$D$2:$D$3000*(Parti!$F$2:$F$3000+Parti!$J$2:$J$3000)))/60,0) -> 7 | N79: approvato | O79: Libreria base
A80: N-079 | B80: Nuoto | C80: Tecnica | D80: Tecnica | E80: T | F80: DF esordienti: 2 gambate per bracciata accentuate | G80: 6x25 DF 2 gambate per bracciata accentuate [T] rec 20" | H80: Delfino | I80: Esordienti | K80: =SUMPRODUCT((Parti!$A$2:$A$3000=A80)*Parti!$C$2:$C$3000*Parti!$D$2:$D$3000*Parti!$E$2:$E$3000) -> 150 | L80: =ROUND((K80*Legenda!$H$2/100+SUMPRODUCT((Parti!$A$2:$A$3000=A80)*Parti!$C$2:$C$3000*Parti!$D$2:$D$3000*(Parti!$F$2:$F$3000+Parti!$J$2:$J$3000)))/60,0) -> 5 | N80: approvato | O80: Libreria base
A81: N-080 | B81: Nuoto | C81: Tecnica | D81: Tecnica | E81: T | F81: DF: ondulazioni sul fianco | G81: 6x50 DF 25 ondulazioni sul fianco + 25 nuotato [T] rec 15" (Pinne) | H81: Delfino | I81: Ragazzi, Assoluti, Master | J81: Pinne | K81: =SUMPRODUCT((Parti!$A$2:$A$3000=A81)*Parti!$C$2:$C$3000*Parti!$D$2:$D$3000*Parti!$E$2:$E$3000) -> 300 | L81: =ROUND((K81*Legenda!$H$2/100+SUMPRODUCT((Parti!$A$2:$A$3000=A81)*Parti!$C$2:$C$3000*Parti!$D$2:$D$3000*(Parti!$F$2:$F$3000+Parti!$J$2:$J$3000)))/60,0) -> 7 | N81: approvato | O81: Libreria base
A82: N-081 | B82: Nuoto | C82: Tecnica | D82: Tecnica | E82: T | F82: DF esordienti: ondulazioni sul fianco | G82: 6x25 DF ondulazioni sul fianco [T] rec 20" (Pinne) | H82: Delfino | I82: Esordienti | J82: Pinne | K82: =SUMPRODUCT((Parti!$A$2:$A$3000=A82)*Parti!$C$2:$C$3000*Parti!$D$2:$D$3000*Parti!$E$2:$E$3000) -> 150 | L82: =ROUND((K82*Legenda!$H$2/100+SUMPRODUCT((Parti!$A$2:$A$3000=A82)*Parti!$C$2:$C$3000*Parti!$D$2:$D$3000*(Parti!$F$2:$F$3000+Parti!$J$2:$J$3000)))/60,0) -> 5 | N82: approvato | O82: Libreria base
A83: N-082 | B83: Nuoto | C83: Tecnica | D83: Tecnica | E83: T | F83: Virate SL da metà vasca | G83: 8x25 SL partenza a 7 m dal muro, virata e uscita fino a 10 m [T] rec 20" | H83: Stile libero | I83: Esordienti, Ragazzi, Assoluti, Master | K83: =SUMPRODUCT((Parti!$A$2:$A$3000=A83)*Parti!$C$2:$C$3000*Parti!$D$2:$D$3000*Parti!$E$2:$E$3000) -> 200 | L83: =ROUND((K83*Legenda!$H$2/100+SUMPRODUCT((Parti!$A$2:$A$3000=A83)*Parti!$C$2:$C$3000*Parti!$D$2:$D$3000*(Parti!$F$2:$F$3000+Parti!$J$2:$J$3000)))/60,0) -> 6 | N83: approvato | O83: Libreria base
A84: N-083 | B84: Nuoto | C84: Tecnica | D84: Tecnica | E84: T | F84: Virate dorso | G84: 8x25 DO conta bracciate dalle bandierine, virata e subacquea [T] rec 20" | H84: Dorso | I84: Esordienti, Ragazzi, Assoluti, Master | K84: =SUMPRODUCT((Parti!$A$2:$A$3000=A84)*Parti!$C$2:$C$3000*Parti!$D$2:$D$3000*Parti!$E$2:$E$3000) -> 200 | L84: =ROUND((K84*Legenda!$H$2/100+SUMPRODUCT((Parti!$A$2:$A$3000=A84)*Parti!$C$2:$C$3000*Parti!$D$2:$D$3000*(Parti!$F$2:$F$3000+Parti!$J$2:$J$3000)))/60,0) -> 6 | N84: approvato | O84: Libreria base
A85: N-084 | B85: Nuoto | C85: Tecnica | D85: Tecnica | E85: T | F85: Virate rana/delfino (tocco a 2 mani) | G85: 8x25 MX alterna rana e delfino, tocco a due mani e uscita [T] rec 20" | H85: Misti | I85: Esordienti, Ragazzi, Assoluti, Master | K85: =SUMPRODUCT((Parti!$A$2:$A$3000=A85)*Parti!$C$2:$C$3000*Parti!$D$2:$D$3000*Parti!$E$2:$E$3000) -> 200 | L85: =ROUND((K85*Legenda!$H$2/100+SUMPRODUCT((Parti!$A$2:$A$3000=A85)*Parti!$C$2:$C$3000*Parti!$D$2:$D$3000*(Parti!$F$2:$F$3000+Parti!$J$2:$J$3000)))/60,0) -> 6 | N85: approvato | O85: Libreria base
A86: N-085 | B86: Nuoto | C86: Tecnica | D86: Tecnica | E86: T | F86: Cambi dei misti | G86: 8x50 MX cambi DF-DO, DO-RA, RA-SL (2 per tipo) [T] rec 20" | H86: Misti | I86: Ragazzi, Assoluti | K86: =SUMPRODUCT((Parti!$A$2:$A$3000=A86)*Parti!$C$2:$C$3000*Parti!$D$2:$D$3000*Parti!$E$2:$E$3000) -> 400 | L86: =ROUND((K86*Legenda!$H$2/100+SUMPRODUCT((Parti!$A$2:$A$3000=A86)*Parti!$C$2:$C$3000*Parti!$D$2:$D$3000*(Parti!$F$2:$F$3000+Parti!$J$2:$J$3000)))/60,0) -> 10 | N86: approvato | O86: Libreria base
A87: N-086 | B87: Nuoto | C87: Tecnica | D87: Tecnica | E87: V | F87: Partenze dal blocco | G87: 6x15 scelta partenza dal blocco, tempo ai 15 m [V] rec 1' | H87: A scelta | I87: Ragazzi, Assoluti | K87: =SUMPRODUCT((Parti!$A$2:$A$3000=A87)*Parti!$C$2:$C$3000*Parti!$D$2:$D$3000*Parti!$E$2:$E$3000) -> 90 | L87: =ROUND((K87*Legenda!$H$2/100+SUMPRODUCT((Parti!$A$2:$A$3000=A87)*Parti!$C$2:$C$3000*Parti!$D$2:$D$3000*(Parti!$F$2:$F$3000+Parti!$J$2:$J$3000)))/60,0) -> 8 | N87: approvato | O87: Libreria base
A88: N-087 | B88: Nuoto | C88: Tecnica | D88: Tecnica | E88: V | F88: Partenze dorso | G88: 6x15 DO partenza dorso dal muro, subacquea [V] rec 1' | H88: Dorso | I88: Ragazzi, Assoluti | K88: =SUMPRODUCT((Parti!$A$2:$A$3000=A88)*Parti!$C$2:$C$3000*Parti!$D$2:$D$3000*Parti!$E$2:$E$3000) -> 90 | L88: =ROUND((K88*Legenda!$H$2/100+SUMPRODUCT((Parti!$A$2:$A$3000=A88)*Parti!$C$2:$C$3000*Parti!$D$2:$D$3000*(Parti!$F$2:$F$3000+Parti!$J$2:$J$3000)))/60,0) -> 8 | N88: approvato | O88: Libreria base
A89: N-088 | B89: Nuoto | C89: Tecnica | D89: Tecnica | E89: T | F89: Subacquee a delfino | G89: 8x15 DF ondulazioni subacquee dal muro [T] rec 30" (Pinne) | H89: Delfino | I89: Ragazzi, Assoluti | J89: Pinne | K89: =SUMPRODUCT((Parti!$A$2:$A$3000=A89)*Parti!$C$2:$C$3000*Parti!$D$2:$D$3000*Parti!$E$2:$E$3000) -> 120 | L89: =ROUND((K89*Legenda!$H$2/100+SUMPRODUCT((Parti!$A$2:$A$3000=A89)*Parti!$C$2:$C$3000*Parti!$D$2:$D$3000*(Parti!$F$2:$F$3000+Parti!$J$2:$J$3000)))/60,0) -> 6 | N89: approvato | O89: Libreria base
A90: N-089 | B90: Nuoto | C90: Tecnica | D90: Tecnica | E90: V | F90: Arrivi al tocco | G90: 6x10 scelta arrivo senza respirare, tocco in allungo [V] rec 30" | H90: A scelta | I90: Esordienti, Ragazzi, Assoluti, Master | K90: =SUMPRODUCT((Parti!$A$2:$A$3000=A90)*Parti!$C$2:$C$3000*Parti!$D$2:$D$3000*Parti!$E$2:$E$3000) -> 60 | L90: =ROUND((K90*Legenda!$H$2/100+SUMPRODUCT((Parti!$A$2:$A$3000=A90)*Parti!$C$2:$C$3000*Parti!$D$2:$D$3000*(Parti!$F$2:$F$3000+Parti!$J$2:$J$3000)))/60,0) -> 4 | N90: approvato | O90: Libreria base
A91: N-090 | B91: Nuoto | C91: Tecnica | D91: Tecnica | E91: T | F91: Cambi staffetta | G91: 8x25 scelta cambio staffetta a coppie dal blocco [T] rec 40" | H91: A scelta | I91: Ragazzi, Assoluti | K91: =SUMPRODUCT((Parti!$A$2:$A$3000=A91)*Parti!$C$2:$C$3000*Parti!$D$2:$D$3000*Parti!$E$2:$E$3000) -> 200 | L91: =ROUND((K91*Legenda!$H$2/100+SUMPRODUCT((Parti!$A$2:$A$3000=A91)*Parti!$C$2:$C$3000*Parti!$D$2:$D$3000*(Parti!$F$2:$F$3000+Parti!$J$2:$J$3000)))/60,0) -> 9 | M91: Serve il blocco di partenza. | N91: approvato | O91: Libreria base
A92: N-091 | B92: Entrambi | C92: Tecnica | D92: Tecnica | E92: A1 | F92: Conta bracciate (efficienza) | G92: 8x50 SL conta le bracciate, riduci di 1 ogni 2 ripetizioni [A1] rec 20" | H92: Stile libero | I92: Ragazzi, Assoluti, Master | K92: =SUMPRODUCT((Parti!$A$2:$A$3000=A92)*Parti!$C$2:$C$3000*Parti!$D$2:$D$3000*Parti!$E$2:$E$3000) -> 400 | L92: =ROUND((K92*Legenda!$H$2/100+SUMPRODUCT((Parti!$A$2:$A$3000=A92)*Parti!$C$2:$C$3000*Parti!$D$2:$D$3000*(Parti!$F$2:$F$3000+Parti!$J$2:$J$3000)))/60,0) -> 10 | N92: approvato | O92: Libreria base
A93: N-092 | B93: Entrambi | C93: Gambe | D93: Aerobico | E93: A2 | F93: 8x50 gambe SL | G93: 8x50 SL gambe [A2] rec 15" (Tavoletta) | H93: Stile libero | I93: Ragazzi, Assoluti, Master | J93: Tavoletta | K93: =SUMPRODUCT((Parti!$A$2:$A$3000=A93)*Parti!$C$2:$C$3000*Parti!$D$2:$D$3000*Parti!$E$2:$E$3000) -> 400 | L93: =ROUND((K93*Legenda!$H$2/100+SUMPRODUCT((Parti!$A$2:$A$3000=A93)*Parti!$C$2:$C$3000*Parti!$D$2:$D$3000*(Parti!$F$2:$F$3000+Parti!$J$2:$J$3000)))/60,0) -> 9 | N93: approvato | O93: Libreria base
A94: N-093 | B94: Entrambi | C94: Gambe | D94: Soglia | E94: B2 | F94: 6x50 gambe SL veloci | G94: 6x50 SL gambe veloci [B2] rec 30" (Tavoletta) | H94: Stile libero | I94: Ragazzi, Assoluti | J94: Tavoletta | K94: =SUMPRODUCT((Parti!$A$2:$A$3000=A94)*Parti!$C$2:$C$3000*Parti!$D$2:$D$3000*Parti!$E$2:$E$3000) -> 300 | L94: =ROUND((K94*Legenda!$H$2/100+SUMPRODUCT((Parti!$A$2:$A$3000=A94)*Parti!$C$2:$C$3000*Parti!$D$2:$D$3000*(Parti!$F$2:$F$3000+Parti!$J$2:$J$3000)))/60,0) -> 9 | N94: approvato | O94: Libreria base
A95: N-094 | B95: Entrambi | C95: Gambe | D95: Velocità | E95: V | F95: 10x25 gambe SL max | G95: 10x25 SL gambe massimali [V] rec 40" | H95: Stile libero | I95: Ragazzi, Assoluti | K95: =SUMPRODUCT((Parti!$A$2:$A$3000=A95)*Parti!$C$2:$C$3000*Parti!$D$2:$D$3000*Parti!$E$2:$E$3000) -> 250 | L95: =ROUND((K95*Legenda!$H$2/100+SUMPRODUCT((Parti!$A$2:$A$3000=A95)*Parti!$C$2:$C$3000*Parti!$D$2:$D$3000*(Parti!$F$2:$F$3000+Parti!$J$2:$J$3000)))/60,0) -> 11 | N95: approvato | O95: Libreria base
A96: N-095 | B96: Nuoto | C96: Gambe | D96: Aerobico | E96: A2 | F96: 8x50 gambe DO | G96: 8x50 DO gambe [A2] rec 15" (Tavoletta) | H96: Dorso | I96: Ragazzi, Assoluti, Master | J96: Tavoletta | K96: =SUMPRODUCT((Parti!$A$2:$A$3000=A96)*Parti!$C$2:$C$3000*Parti!$D$2:$D$3000*Parti!$E$2:$E$3000) -> 400 | L96: =ROUND((K96*Legenda!$H$2/100+SUMPRODUCT((Parti!$A$2:$A$3000=A96)*Parti!$C$2:$C$3000*Parti!$D$2:$D$3000*(Parti!$F$2:$F$3000+Parti!$J$2:$J$3000)))/60,0) -> 9 | N96: approvato | O96: Libreria base
A97: N-096 | B97: Nuoto | C97: Gambe | D97: Soglia | E97: B2 | F97: 6x50 gambe DO veloci | G97: 6x50 DO gambe veloci [B2] rec 30" (Tavoletta) | H97: Dorso | I97: Ragazzi, Assoluti | J97: Tavoletta | K97: =SUMPRODUCT((Parti!$A$2:$A$3000=A97)*Parti!$C$2:$C$3000*Parti!$D$2:$D$3000*Parti!$E$2:$E$3000) -> 300 | L97: =ROUND((K97*Legenda!$H$2/100+SUMPRODUCT((Parti!$A$2:$A$3000=A97)*Parti!$C$2:$C$3000*Parti!$D$2:$D$3000*(Parti!$F$2:$F$3000+Parti!$J$2:$J$3000)))/60,0) -> 9 | N97: approvato | O97: Libreria base
A98: N-097 | B98: Nuoto | C98: Gambe | D98: Velocità | E98: V | F98: 10x25 gambe DO max | G98: 10x25 DO gambe massimali [V] rec 40" | H98: Dorso | I98: Ragazzi, Assoluti | K98: =SUMPRODUCT((Parti!$A$2:$A$3000=A98)*Parti!$C$2:$C$3000*Parti!$D$2:$D$3000*Parti!$E$2:$E$3000) -> 250 | L98: =ROUND((K98*Legenda!$H$2/100+SUMPRODUCT((Parti!$A$2:$A$3000=A98)*Parti!$C$2:$C$3000*Parti!$D$2:$D$3000*(Parti!$F$2:$F$3000+Parti!$J$2:$J$3000)))/60,0) -> 11 | N98: approvato | O98: Libreria base
A99: N-098 | B99: Nuoto | C99: Gambe | D99: Aerobico | E99: A2 | F99: 8x50 gambe RA | G99: 8x50 RA gambe [A2] rec 15" (Tavoletta) | H99: Rana | I99: Ragazzi, Assoluti, Master | J99: Tavoletta | K99: =SUMPRODUCT((Parti!$A$2:$A$3000=A99)*Parti!$C$2:$C$3000*Parti!$D$2:$D$3000*Parti!$E$2:$E$3000) -> 400 | L99: =ROUND((K99*Legenda!$H$2/100+SUMPRODUCT((Parti!$A$2:$A$3000=A99)*Parti!$C$2:$C$3000*Parti!$D$2:$D$3000*(Parti!$F$2:$F$3000+Parti!$J$2:$J$3000)))/60,0) -> 9 | N99: approvato | O99: Libreria base
A100: N-099 | B100: Nuoto | C100: Gambe | D100: Soglia | E100: B2 | F100: 6x50 gambe RA veloci | G100: 6x50 RA gambe veloci [B2] rec 30" (Tavoletta) | H100: Rana | I100: Ragazzi, Assoluti | J100: Tavoletta | K100: =SUMPRODUCT((Parti!$A$2:$A$3000=A100)*Parti!$C$2:$C$3000*Parti!$D$2:$D$3000*Parti!$E$2:$E$3000) -> 300 | L100: =ROUND((K100*Legenda!$H$2/100+SUMPRODUCT((Parti!$A$2:$A$3000=A100)*Parti!$C$2:$C$3000*Parti!$D$2:$D$3000*(Parti!$F$2:$F$3000+Parti!$J$2:$J$3000)))/60,0) -> 9 | N100: approvato | O100: Libreria base
A101: N-100 | B101: Nuoto | C101: Gambe | D101: Velocità | E101: V | F101: 10x25 gambe RA max | G101: 10x25 RA gambe massimali [V] rec 40" | H101: Rana | I101: Ragazzi, Assoluti | K101: =SUMPRODUCT((Parti!$A$2:$A$3000=A101)*Parti!$C$2:$C$3000*Parti!$D$2:$D$3000*Parti!$E$2:$E$3000) -> 250 | L101: =ROUND((K101*Legenda!$H$2/100+SUMPRODUCT((Parti!$A$2:$A$3000=A101)*Parti!$C$2:$C$3000*Parti!$D$2:$D$3000*(Parti!$F$2:$F$3000+Parti!$J$2:$J$3000)))/60,0) -> 11 | N101: approvato | O101: Libreria base
A102: N-101 | B102: Nuoto | C102: Gambe | D102: Aerobico | E102: A2 | F102: 8x50 gambe DF | G102: 8x50 DF gambe [A2] rec 15" (Tavoletta) | H102: Delfino | I102: Ragazzi, Assoluti, Master | J102: Tavoletta | K102: =SUMPRODUCT((Parti!$A$2:$A$3000=A102)*Parti!$C$2:$C$3000*Parti!$D$2:$D$3000*Parti!$E$2:$E$3000) -> 400 | L102: =ROUND((K102*Legenda!$H$2/100+SUMPRODUCT((Parti!$A$2:$A$3000=A102)*Parti!$C$2:$C$3000*Parti!$D$2:$D$3000*(Parti!$F$2:$F$3000+Parti!$J$2:$J$3000)))/60,0) -> 9 | N102: approvato | O102: Libreria base
A103: N-102 | B103: Nuoto | C103: Gambe | D103: Soglia | E103: B2 | F103: 6x50 gambe DF veloci | G103: 6x50 DF gambe veloci [B2] rec 30" (Tavoletta) | H103: Delfino | I103: Ragazzi, Assoluti | J103: Tavoletta | K103: =SUMPRODUCT((Parti!$A$2:$A$3000=A103)*Parti!$C$2:$C$3000*Parti!$D$2:$D$3000*Parti!$E$2:$E$3000) -> 300 | L103: =ROUND((K103*Legenda!$H$2/100+SUMPRODUCT((Parti!$A$2:$A$3000=A103)*Parti!$C$2:$C$3000*Parti!$D$2:$D$3000*(Parti!$F$2:$F$3000+Parti!$J$2:$J$3000)))/60,0) -> 9 | N103: approvato | O103: Libreria base
A104: N-103 | B104: Nuoto | C104: Gambe | D104: Velocità | E104: V | F104: 10x25 gambe DF max | G104: 10x25 DF gambe massimali [V] rec 40" | H104: Delfino | I104: Ragazzi, Assoluti | K104: =SUMPRODUCT((Parti!$A$2:$A$3000=A104)*Parti!$C$2:$C$3000*Parti!$D$2:$D$3000*Parti!$E$2:$E$3000) -> 250 | L104: =ROUND((K104*Legenda!$H$2/100+SUMPRODUCT((Parti!$A$2:$A$3000=A104)*Parti!$C$2:$C$3000*Parti!$D$2:$D$3000*(Parti!$F$2:$F$3000+Parti!$J$2:$J$3000)))/60,0) -> 11 | N104: approvato | O104: Libreria base
A105: N-104 | B105: Nuoto | C105: Gambe | D105: Aerobico | E105: A1 | F105: 300 gambe misti con pinne | G105: 300 MX gambe a stili ogni 25 [A1] (Pinne) | H105: Misti | I105: Ragazzi, Assoluti, Master | J105: Pinne | K105: =SUMPRODUCT((Parti!$A$2:$A$3000=A105)*Parti!$C$2:$C$3000*Parti!$D$2:$D$3000*Parti!$E$2:$E$3000) -> 300 | L105: =ROUND((K105*Legenda!$H$2/100+SUMPRODUCT((Parti!$A$2:$A$3000=A105)*Parti!$C$2:$C$3000*Parti!$D$2:$D$3000*(Parti!$F$2:$F$3000+Parti!$J$2:$J$3000)))/60,0) -> 6 | N105: approvato | O105: Libreria base
A106: N-105 | B106: Nuoto | C106: Gambe | D106: Velocità | E106: B2 | F106: 6x50 gambe subacquee | G106: 6x50 DF 25 ondulazioni subacquee + 25 facile [B2] rec 30" (Pinne) | H106: Delfino | I106: Ragazzi, Assoluti | J106: Pinne | K106: =SUMPRODUCT((Parti!$A$2:$A$3000=A106)*Parti!$C$2:$C$3000*Parti!$D$2:$D$3000*Parti!$E$2:$E$3000) -> 300 | L106: =ROUND((K106*Legenda!$H$2/100+SUMPRODUCT((Parti!$A$2:$A$3000=A106)*Parti!$C$2:$C$3000*Parti!$D$2:$D$3000*(Parti!$F$2:$F$3000+Parti!$J$2:$J$3000)))/60,0) -> 9 | N106: approvato | O106: Libreria base
A107: N-106 | B107: Nuoto | C107: Gambe | D107: Aerobico | E107: A2 | F107: 4x100 gambe progressive | G107: 4x100 scelta gambe progressive per 25 [A2] rec 20" (Tavoletta) | H107: A scelta | I107: Ragazzi, Assoluti, Master | J107: Tavoletta | K107: =SUMPRODUCT((Parti!$A$2:$A$3000=A107)*Parti!$C$2:$C$3000*Parti!$D$2:$D$3000*Parti!$E$2:$E$3000) -> 400 | L107: =ROUND((K107*Legenda!$H$2/100+SUMPRODUCT((Parti!$A$2:$A$3000=A107)*Parti!$C$2:$C$3000*Parti!$D$2:$D$3000*(Parti!$F$2:$F$3000+Parti!$J$2:$J$3000)))/60,0) -> 9 | N107: approvato | O107: Libreria base
A108: N-107 | B108: Nuoto | C108: Gambe | D108: Tecnica | E108: A1 | F108: Gambe esordienti 6x25 | G108: 6x25 scelta gambe (alterna stile e dorso) [A1] rec 20" (Tavoletta) | H108: A scelta | I108: Esordienti | J108: Tavoletta | K108: =SUMPRODUCT((Parti!$A$2:$A$3000=A108)*Parti!$C$2:$C$3000*Parti!$D$2:$D$3000*Parti!$E$2:$E$3000) -> 150 | L108: =ROUND((K108*Legenda!$H$2/100+SUMPRODUCT((Parti!$A$2:$A$3000=A108)*Parti!$C$2:$C$3000*Parti!$D$2:$D$3000*(Parti!$F$2:$F$3000+Parti!$J$2:$J$3000)))/60,0) -> 5 | N108: approvato | O108: Libreria base
A109: N-108 | B109: Entrambi | C109: Gambe | D109: Forza | E109: B2 | F109: Gambe verticali | G109: 6x30" gambe in verticale braccia incrociate al petto [B2] rec 30" | I109: Ragazzi, Assoluti | K109: =SUMPRODUCT((Parti!$A$2:$A$3000=A109)*Parti!$C$2:$C$3000*Parti!$D$2:$D$3000*Parti!$E$2:$E$3000) -> 0 | L109: =ROUND((K109*Legenda!$H$2/100+SUMPRODUCT((Parti!$A$2:$A$3000=A109)*Parti!$C$2:$C$3000*Parti!$D$2:$D$3000*(Parti!$F$2:$F$3000+Parti!$J$2:$J$3000)))/60,0) -> 6 | M109: Lavoro a tempo, senza spostamento. | N109: approvato | O109: Libreria base
A110: N-109 | B110: Entrambi | C110: Braccia | D110: Aerobico | E110: A2 | F110: 4x200 pull buoy | G110: 4x200 SL braccia [A2] rec 20" (Pull buoy) | H110: Stile libero | I110: Ragazzi, Assoluti | J110: Pull buoy | K110: =SUMPRODUCT((Parti!$A$2:$A$3000=A110)*Parti!$C$2:$C$3000*Parti!$D$2:$D$3000*Parti!$E$2:$E$3000) -> 800 | L110: =ROUND((K110*Legenda!$H$2/100+SUMPRODUCT((Parti!$A$2:$A$3000=A110)*Parti!$C$2:$C$3000*Parti!$D$2:$D$3000*(Parti!$F$2:$F$3000+Parti!$J$2:$J$3000)))/60,0) -> 16 | N110: approvato | O110: Libreria base
A111: N-110 | B111: Entrambi | C111: Braccia | D111: Soglia | E111: B1 | F111: 6x100 palette + pull | G111: 6x100 SL braccia [B1] rec 15" (Palette, Pull buoy) | H111: Stile libero | I111: Ragazzi, Assoluti | J111: Palette, Pull buoy | K111: =SUMPRODUCT((Parti!$A$2:$A$3000=A111)*Parti!$C$2:$C$3000*Parti!$D$2:$D$3000*Parti!$E$2:$E$3000) -> 600 | L111: =ROUND((K111*Legenda!$H$2/100+SUMPRODUCT((Parti!$A$2:$A$3000=A111)*Parti!$C$2:$C$3000*Parti!$D$2:$D$3000*(Parti!$F$2:$F$3000+Parti!$J$2:$J$3000)))/60,0) -> 13 | N111: approvato | O111: Libreria base
A112: N-111 | B112: Nuoto | C112: Braccia | D112: Tecnica | E112: A2 | F112: 8x50 braccia rana | G112: 8x50 RA braccia con pull buoy [A2] rec 15" (Pull buoy) | H112: Rana | I112: Ragazzi, Assoluti, Master | J112: Pull buoy | K112: =SUMPRODUCT((Parti!$A$2:$A$3000=A112)*Parti!$C$2:$C$3000*Parti!$D$2:$D$3000*Parti!$E$2:$E$3000) -> 400 | L112: =ROUND((K112*Legenda!$H$2/100+SUMPRODUCT((Parti!$A$2:$A$3000=A112)*Parti!$C$2:$C$3000*Parti!$D$2:$D$3000*(Parti!$F$2:$F$3000+Parti!$J$2:$J$3000)))/60,0) -> 9 | N112: approvato | O112: Libreria base
A113: N-112 | B113: Entrambi | C113: Braccia | D113: Aerobico | E113: A2 | F113: 400 pull respirazione 5 | G113: 400 SL braccia, respirazione ogni 5 [A2] (Pull buoy) | H113: Stile libero | I113: Ragazzi, Assoluti, Master | J113: Pull buoy | K113: =SUMPRODUCT((Parti!$A$2:$A$3000=A113)*Parti!$C$2:$C$3000*Parti!$D$2:$D$3000*Parti!$E$2:$E$3000) -> 400 | L113: =ROUND((K113*Legenda!$H$2/100+SUMPRODUCT((Parti!$A$2:$A$3000=A113)*Parti!$C$2:$C$3000*Parti!$D$2:$D$3000*(Parti!$F$2:$F$3000+Parti!$J$2:$J$3000)))/60,0) -> 7 | N113: approvato | O113: Libreria base
A114: N-113 | B114: Entrambi | C114: Braccia | D114: Forza | E114: A2 | F114: 3x300 palette | G114: 3x300 SL braccia, presa lunga [A2] rec 30" (Palette, Pull buoy) | H114: Stile libero | I114: Assoluti | J114: Palette, Pull buoy | K114: =SUMPRODUCT((Parti!$A$2:$A$3000=A114)*Parti!$C$2:$C$3000*Parti!$D$2:$D$3000*Parti!$E$2:$E$3000) -> 900 | L114: =ROUND((K114*Legenda!$H$2/100+SUMPRODUCT((Parti!$A$2:$A$3000=A114)*Parti!$C$2:$C$3000*Parti!$D$2:$D$3000*(Parti!$F$2:$F$3000+Parti!$J$2:$J$3000)))/60,0) -> 18 | N114: approvato | O114: Libreria base
A115: N-114 | B115: Nuoto | C115: Braccia | D115: Aerobico | E115: A2 | F115: 10x50 braccia dorso | G115: 10x50 DO braccia [A2] rec 15" (Pull buoy) | H115: Dorso | I115: Ragazzi, Assoluti, Master | J115: Pull buoy | K115: =SUMPRODUCT((Parti!$A$2:$A$3000=A115)*Parti!$C$2:$C$3000*Parti!$D$2:$D$3000*Parti!$E$2:$E$3000) -> 500 | L115: =ROUND((K115*Legenda!$H$2/100+SUMPRODUCT((Parti!$A$2:$A$3000=A115)*Parti!$C$2:$C$3000*Parti!$D$2:$D$3000*(Parti!$F$2:$F$3000+Parti!$J$2:$J$3000)))/60,0) -> 12 | N115: approvato | O115: Libreria base
A116: N-115 | B116: Entrambi | C116: Braccia | D116: Forza | E116: B1 | F116: 8x50 trascinamento | G116: 8x50 SL braccia con elastico alle caviglie [B1] rec 30" (Pull buoy, Elastico) | H116: Stile libero | I116: Ragazzi, Assoluti | J116: Elastico, Pull buoy | K116: =SUMPRODUCT((Parti!$A$2:$A$3000=A116)*Parti!$C$2:$C$3000*Parti!$D$2:$D$3000*Parti!$E$2:$E$3000) -> 400 | L116: =ROUND((K116*Legenda!$H$2/100+SUMPRODUCT((Parti!$A$2:$A$3000=A116)*Parti!$C$2:$C$3000*Parti!$D$2:$D$3000*(Parti!$F$2:$F$3000+Parti!$J$2:$J$3000)))/60,0) -> 11 | N116: approvato | O116: Libreria base
A117: N-116 | B117: Entrambi | C117: Braccia | D117: Forza | E117: C2 | F117: 6x25 paracadute | G117: 6x25 scelta con paracadute/freno [C2] rec 1' (Paracadute) | H117: A scelta | I117: Ragazzi, Assoluti | J117: Paracadute | K117: =SUMPRODUCT((Parti!$A$2:$A$3000=A117)*Parti!$C$2:$C$3000*Parti!$D$2:$D$3000*Parti!$E$2:$E$3000) -> 150 | L117: =ROUND((K117*Legenda!$H$2/100+SUMPRODUCT((Parti!$A$2:$A$3000=A117)*Parti!$C$2:$C$3000*Parti!$D$2:$D$3000*(Parti!$F$2:$F$3000+Parti!$J$2:$J$3000)))/60,0) -> 9 | N117: approvato | O117: Libreria base
A118: N-117 | B118: Entrambi | C118: Serie principale | D118: Aerobico | E118: A2 | F118: 3x400 SL A2 | G118: 3x400 SL ritmo costante [A2] rec 30" | H118: Stile libero | I118: Ragazzi, Assoluti, Master | K118: =SUMPRODUCT((Parti!$A$2:$A$3000=A118)*Parti!$C$2:$C$3000*Parti!$D$2:$D$3000*Parti!$E$2:$E$3000) -> 1200 | L118: =ROUND((K118*Legenda!$H$2/100+SUMPRODUCT((Parti!$A$2:$A$3000=A118)*Parti!$C$2:$C$3000*Parti!$D$2:$D$3000*(Parti!$F$2:$F$3000+Parti!$J$2:$J$3000)))/60,0) -> 24 | N118: approvato | O118: Libreria base
A119: N-118 | B119: Nuoto | C119: Serie principale | D119: Aerobico | E119: A2 | F119: 3x400 DO A2 | G119: 3x400 DO ritmo costante [A2] rec 30" | H119: Dorso | I119: Ragazzi, Assoluti, Master | K119: =SUMPRODUCT((Parti!$A$2:$A$3000=A119)*Parti!$C$2:$C$3000*Parti!$D$2:$D$3000*Parti!$E$2:$E$3000) -> 1200 | L119: =ROUND((K119*Legenda!$H$2/100+SUMPRODUCT((Parti!$A$2:$A$3000=A119)*Parti!$C$2:$C$3000*Parti!$D$2:$D$3000*(Parti!$F$2:$F$3000+Parti!$J$2:$J$3000)))/60,0) -> 24 | N119: approvato | O119: Libreria base
A120: N-119 | B120: Nuoto | C120: Serie principale | D120: Aerobico | E120: A2 | F120: 3x400 RA A2 | G120: 3x400 RA ritmo costante [A2] rec 30" | H120: Rana | I120: Ragazzi, Assoluti, Master | K120: =SUMPRODUCT((Parti!$A$2:$A$3000=A120)*Parti!$C$2:$C$3000*Parti!$D$2:$D$3000*Parti!$E$2:$E$3000) -> 1200 | L120: =ROUND((K120*Legenda!$H$2/100+SUMPRODUCT((Parti!$A$2:$A$3000=A120)*Parti!$C$2:$C$3000*Parti!$D$2:$D$3000*(Parti!$F$2:$F$3000+Parti!$J$2:$J$3000)))/60,0) -> 24 | N120: approvato | O120: Libreria base
...

Sheet Legenda
A1: Zona | B1: Nome | C1: Sensazione | D1: Recupero tipico (s) | E1: Riferimento di passo | G1: Parametro | H1: Valore | J1: Sport | K1: Fase | L1: Obiettivo | M1: Stile | N1: Stato | O1: Zona
A2: A1 | B2: Aerobico leggero / recupero | C2: Facile, si parla | D2: 10-20 | E2: CSS + 10-15" | G2: Passo medio per stimare la durata (s per 100 m) | H2: 110 | J2: Nuoto | K2: A secco | L2: Aerobico | M2: Stile libero | N2: approvato | O2: A1
A3: A2 | B3: Aerobico medio (capacità aerobica) | C3: Ritmo regolare e sostenibile | D3: 10-20 | E3: CSS + 5-8" | G3: Valore ipotizzato (comprende virate e cambi di ritmo): cambialo in base al tuo gruppo. | J3: Pallanuoto | K3: Attacco | L3: Attivazione | M3: Dorso | N3: bozza | O3: A2
A4: B1 | B4: Soglia anaerobica | C4: Impegnativo ma costante | D4: 10-30 | E4: CSS ± 2" | J4: Entrambi | K4: Attivazione | L4: Forza | M4: Rana | O4: B1
A5: B2 | B5: Massimo consumo di ossigeno (VO2max) | C5: Forte | D5: 30-60 | E5: CSS - 2/4" | K5: Braccia | L5: Lattacido | M5: Delfino | O5: B2
A6: C1 | B6: Tolleranza / capacità lattacida | C6: Molto forte, vicino al ritmo gara | D6: 60-120 | E6: Ritmo gara 200-400 | K6: Condizionamento | L6: Recupero | M6: Misti | O6: C1
A7: C2 | B7: Potenza lattacida | C7: Massimale | D7: 180-300 | E7: Massimale 50-100 | K7: Defaticamento | L7: Ritmo gara | M7: A scelta | O7: C2
A8: V | B8: Velocità alattacida | C8: Sprint massimale breve | D8: 45-90 | E8: Massimale 10-25 m | K8: Difesa | L8: Soglia | M8: Testa alta | O8: V
A9: RG | B9: Ritmo gara | C9: Passo della gara obiettivo | D9: variabile | E9: Passo gara | K9: Gambe | L9: Tattica | M9: Dorso polo | O9: RG
A10: T | B10: Tecnica | C10: Qualità del gesto, senza tempo | D10: 15-30 | E10: — | K10: Nuoto specifico | L10: Tecnica | O10: T
A11: TT | B11: Tecnico-tattico (pallanuoto) | C11: Esercitazioni di gioco | D11: — | E11: — | K11: Partita a tema | L11: Test | O11: TT
A12: TEST | B12: Test | C12: Prova di valutazione | D12: — | E12: — | K12: Passaggi | L12: VO2max | O12: TEST
K13: Portiere | L13: Velocità
A14: Valori indicativi, modificabili. CSS = velocità critica dal test 400+200. | K14: Riscaldamento
K15: Serie principale
K16: Tecnica
K17: Test
K18: Tiro

Sheet Parti
A1: ID blocco | B1: Ordine | C1: Giri | D1: Ripetizioni | E1: Distanza (m) | F1: Durata (s) | G1: Stile | H1: Esercizio / andatura | I1: Zona | J1: Recupero (s) | K1: Attrezzi | L1: Note
A2: N-001 | B2: 1 | C2: 1 | D2: 1 | E2: 200 | G2: Stile libero | H2: sciolto | I2: A1
A3: N-001 | B3: 2 | C3: 1 | D3: 1 | E3: 100 | G3: Dorso | H3: sciolto | I3: A1
A4: N-001 | B4: 3 | C4: 1 | D4: 1 | E4: 100 | G4: Rana | H4: sciolto | I4: A1
A5: N-002 | B5: 1 | C5: 1 | D5: 3 | E5: 100 | G5: Stile libero | H5: respirazione ogni 3-5-7 bracciate per 25 | I5: A1 | J5: 10
A6: N-003 | B6: 1 | C6: 1 | D6: 8 | E6: 50 | G6: Misti | H6: 25 stile + 25 stile successivo, ordine inverso | I6: A1 | J6: 15
A7: N-004 | B7: 1 | C7: 1 | D7: 1 | E7: 200 | G7: Stile libero | I7: A1 | J7: 20
A8: N-004 | B8: 2 | C8: 1 | D8: 1 | E8: 200 | G8: Dorso | I8: A1 | J8: 20
A9: N-004 | B9: 3 | C9: 1 | D9: 1 | E9: 200 | G9: Misti | H9: sciolto | I9: A1
A10: N-005 | B10: 1 | C10: 1 | D10: 4 | E10: 100 | G10: Stile libero | H10: progressivo per 100 (da A1 ad A2) | I10: A1 | J10: 10
A11: N-006 | B11: 1 | C11: 1 | D11: 1 | E11: 200 | G11: Stile libero | I11: A1 | J11: 20
A12: N-006 | B12: 2 | C12: 1 | D12: 4 | E12: 50 | G12: A scelta | H12: gambe | I12: A1 | J12: 15 | K12: Tavoletta
A13: N-006 | B13: 3 | C13: 1 | D13: 4 | E13: 50 | G13: Stile libero | H13: braccia | I13: A1 | J13: 15 | K13: Pull buoy
A14: N-007 | B14: 1 | C14: 1 | D14: 1 | E14: 100 | G14: Stile libero | I14: A1 | J14: 20
A15: N-007 | B15: 2 | C15: 1 | D15: 1 | E15: 100 | G15: Dorso | I15: A1 | J15: 20
A16: N-007 | B16: 3 | C16: 1 | D16: 4 | E16: 25 | G16: A scelta | H16: tecnica a scelta | I16: A1 | J16: 20
A17: N-008 | B17: 1 | C17: 1 | D17: 4 | E17: 50 | G17: Misti | H17: 25 dorso + 25 SL | I17: A1 | J17: 20
A18: N-009 | B18: 1 | C18: 1 | D18: 1 | E18: 300 | G18: A scelta | H18: sciolto | I18: A1 | J18: 30
A19: N-009 | B19: 2 | C19: 1 | D19: 4 | E19: 50 | G19: Misti | H19: sciolto | I19: A1 | J19: 20
A20: N-010 | B20: 1 | C20: 1 | D20: 4 | E20: 100 | G20: Misti | H20: 50 SL + 50 stile del giorno | I20: A1 | J20: 15
A21: N-011 | B21: 1 | C21: 1 | D21: 1 | E21: 200 | G21: Stile libero | I21: A1
A22: N-011 | B22: 2 | C22: 1 | D22: 1 | E22: 200 | G22: Dorso | I22: A1
A23: N-011 | B23: 3 | C23: 1 | D23: 1 | E23: 200 | G23: A scelta | H23: gambe | I23: A1 | K23: Pinne
A24: N-011 | B24: 4 | C24: 1 | D24: 1 | E24: 200 | G24: Stile libero | I24: A1
A25: N-012 | B25: 1 | C25: 1 | D25: 6 | E25: 100 | G25: Misti | H25: dispari SL, pari dorso, progressivo per serie | I25: A1 | J25: 15
A26: N-013 | B26: 1 | C26: 1 | D26: 1 | E26: 200 | G26: Stile libero | I26: A1 | J26: 20
A27: N-013 | B27: 2 | C27: 1 | D27: 4 | E27: 50 | G27: Rana | H27: 2 gambate 1 bracciata | I27: A1 | J27: 15
A28: N-013 | B28: 3 | C28: 1 | D28: 4 | E28: 50 | G28: Rana | H28: nuotato | I28: A1 | J28: 15
A29: N-014 | B29: 1 | C29: 1 | D29: 1 | E29: 300 | G29: Stile libero | I29: A1 | J29: 20
A30: N-014 | B30: 2 | C30: 1 | D30: 6 | E30: 25 | G30: Delfino | H30: braccio singolo dx/sx | I30: A1 | J30: 15 | K30: Pinne
A31: N-014 | B31: 3 | C31: 1 | D31: 4 | E31: 25 | G31: Delfino | H31: nuotato | I31: A1 | J31: 20
A32: N-015 | B32: 1 | C32: 1 | D32: 1 | E32: 200 | G32: Stile libero | I32: A1 | J32: 20
A33: N-015 | B33: 2 | C33: 1 | D33: 4 | E33: 50 | G33: Dorso | H33: braccio singolo / doppio braccio | I33: A1 | J33: 15
A34: N-015 | B34: 3 | C34: 1 | D34: 4 | E34: 50 | G34: Dorso | H34: nuotato | I34: A1 | J34: 15
A35: N-016 | B35: 1 | C35: 1 | D35: 1 | E35: 400 | G35: A scelta | H35: sciolto | I35: A1 | J35: 30
A36: N-016 | B36: 2 | C36: 1 | D36: 4 | E36: 50 | G36: Stile libero | H36: progressivi | I36: A2 | J36: 20
A37: N-016 | B37: 3 | C37: 1 | D37: 4 | E37: 25 | G37: A scelta | H37: ritmo gara | I37: RG | J37: 40
A38: N-016 | B38: 4 | C38: 1 | D38: 2 | E38: 15 | G38: A scelta | H38: sprint dal blocco | I38: V | J38: 60
A39: N-017 | B39: 1 | C39: 1 | D39: 1 | E39: 400 | G39: Misti | H39: 100 SL + 100 dorso + 100 delfino-ondulazioni + 100 SL | I39: A1 | K39: Pinne
A40: N-018 | B40: 1 | C40: 1 | D40: 6 | E40: 25 | G40: Stile libero | H40: progressivi nella serie | I40: B1 | J40: 20
A41: N-019 | B41: 1 | C41: 1 | D41: 6 | E41: 25 | G41: Dorso | H41: progressivi nella serie | I41: B1 | J41: 20
A42: N-020 | B42: 1 | C42: 1 | D42: 6 | E42: 25 | G42: Rana | H42: progressivi nella serie | I42: B1 | J42: 20
A43: N-021 | B43: 1 | C43: 1 | D43: 6 | E43: 25 | G43: Delfino | H43: progressivi nella serie | I43: B1 | J43: 20
A44: N-022 | B44: 1 | C44: 1 | D44: 6 | E44: 25 | G44: Misti | H44: progressivi nella serie | I44: B1 | J44: 20
A45: N-023 | B45: 1 | C45: 1 | D45: 4 | E45: 50 | G45: Stile libero | H45: crescente nella vasca | I45: B1 | J45: 20
A46: N-024 | B46: 1 | C46: 1 | D46: 4 | E46: 50 | G46: A scelta | H46: stile principale, crescente nella vasca | I46: B1 | J46: 20
A47: N-025 | B47: 1 | C47: 1 | D47: 8 | E47: 25 | G47: A scelta | H47: 12,5 m veloce + 12,5 m facile | I47: V | J47: 20
A48: N-026 | B48: 1 | C48: 1 | D48: 4 | E48: 50 | G48: A scelta | H48: 25 veloce + 25 facile | I48: B2 | J48: 15
A49: N-027 | B49: 1 | C49: 1 | D49: 6 | E49: 15 | G49: A scelta | H49: partenza dal blocco, uscita e prime bracciate | I49: V | J49: 45
A50: N-028 | B50: 1 | C50: 1 | D50: 6 | E50: 15 | G50: Delfino | H50: ondulazioni subacquee fino a 10-15 m | I50: V | J50: 40
A51: N-029 | B51: 1 | C51: 1 | D51: 4 | E51: 25 | G51: A scelta | H51: ritmo gara della distanza obiettivo | I51: RG | J51: 40
... A55: N-033 | B55: 1 | C55: 1 | D55: 6 | E55: 25 | G55: Stile libero | H55: braccio singolo, l'altro avanti | I55: T | J55: 20
A56: N-034 | B56: 1 | C56: 1 | D56: 6 | E56: 50 | G56: Stile libero | H56: 25 6 battute di lato + bracciata (rotazione) + 25 nuotato | I56: T | J56: 15 | K56: Pinne
A57: N-035 | B57: 1 | C57: 1 | D57: 6 | E57: 25 | G57: Stile libero | H57: 6 battute di lato + bracciata (rotazione) | I57: T | J57: 20 | K57: Pinne
A58: N-036 | B58: 1 | C58: 1 | D58: 6 | E58: 50 | G58: Stile libero | H58: 25 zip: dita che sfiorano il fianco + 25 nuotato | I58: T | J58: 15
A59: N-037 | B59: 1 | C59: 1 | D59: 6 | E59: 25 | G59: Stile libero | H59: zip: dita che sfiorano il fianco | I59: T | J59: 20
A60: N-038 | B60: 1 | C60: 1 | D60: 6 | E60: 50 | G60: Stile libero | H60: 25 pugni chiusi + 25 nuotato | I60: T | J60: 15
A61: N-039 | B61: 1 | C61: 1 | D61: 6 | E61: 25 | G61: Stile libero | H61: pugni chiusi | I61: T | J61: 20
A62: N-040 | B62: 1 | C62: 1 | D62: 6 | E62: 50 | G62: Stile libero | H62: 25 respirazione bilaterale ogni 3 + 25 nuotato | I62: T | J62: 15
A63: N-041 | B63: 1 | C63: 1 | D63: 6 | E63: 25 | G63: Stile libero | H63: respirazione bilaterale ogni 3 | I63: T | J63: 20
A64: N-042 | B64: 1 | C64: 1 | D64: 6 | E64: 50 | G64: Stile libero | H64: 25 testa alta (stile pallanuoto) + 25 nuotato | I64: T | J64: 15
A65: N-043 | B65: 1 | C65: 1 | D65: 6 | E65: 25 | G65: Stile libero | H65: testa alta (stile pallanuoto) | I65: T | J65: 20
A66: N-044 | B66: 1 | C66: 1 | D66: 6 | E66: 50 | G66: Stile libero | H66: 25 conta bracciate e riducile + 25 nuotato | I66: T | J66: 15
A67: N-045 | B67: 1 | C67: 1 | D67: 6 | E67: 25 | G67: Stile libero | H67: conta bracciate e riducile | I67: T | J67: 20
A68: N-046 | B68: 1 | C68: 1 | D68: 6 | E68: 50 | G68: Dorso | H68: 25 braccio singolo + 25 nuotato | I68: T | J68: 15
A69: N-047 | B69: 1 | C69: 1 | D69: 6 | E69: 25 | G69: Dorso | H69: braccio singolo | I69: T | J69: 20
... A87: N-065 | B87: 1 | C87: 1 | D87: 6 | E87: 25 | G87: Rana | H87: scivolata lunga (conta 2) | I87: T | J87: 20
A88: N-066 | B88: 1 | C88: 1 | D88: 6 | E88: 50 | G88: Rana | H88: 25 braccia rana con pull buoy + 25 nuotato | I88: T | J88: 15 | K88: Pull buoy
A89: N-067 | B89: 1 | C89: 1 | D89: 6 | E89: 25 | G89: Rana | H89: braccia rana con pull buoy | I89: T | J89: 20 | K89: Pull buoy
A90: N-068 | B90: 1 | C90: 1 | D90: 6 | E90: 50 | G90: Rana | H90: 25 bracciata stretta e veloce, ritorno rapido + 25 nuotato | I90: T | J90: 15
A91: N-069 | B91: 1 | C91: 1 | D91: 6 | E91: 25 | G91: Rana | H91: bracciata stretta e veloce, ritorno rapido | I91: T | J91: 20
A92: N-070 | B92: 1 | C92: 1 | D92: 6 | E92: 50 | G92: Delfino | H92: 25 braccio singolo dx/sx + 25 nuotato | I92: T | J92: 15 | K92: Pinne
A93: N-071 | B93: 1 | C93: 1 | D93: 6 | E93: 25 | G93: Delfino | H93: braccio singolo dx/sx | I93: T | J93: 20 | K93: Pinne
A94: N-072 | B94: 1 | C94: 1 | D94: 6 | E94: 50 | G94: Delfino | H94: 25 3-3-3 (dx, sx, completo) + 25 nuotato | I94: T | J94: 15 | K94: Pinne
A95: N-073 | B95: 1 | C95: 1 | D95: 6 | E95: 25 | G95: Delfino | H95: 3-3-3 (dx, sx, completo) | I95: T | J95: 20 | K95: Pinne
A96: N-074 | B96: 1 | C96: 1 | D96: 6 | E96: 50 | G96: Delfino | H96: 25 ondulazioni con braccia avanti + 25 nuotato | I96: T | J96: 15
A97: N-075 | B97: 1 | C97: 1 | D97: 6 | E97: 25 | G97: Delfino | H97: ondulazioni con braccia avanti | I97: T | J97: 20
A98: N-076 | B98: 1 | C98: 1 | D98: 6 | E98: 50 | G98: Delfino | H98: 25 braccia delfino + gambe stile + 25 nuotato | I98: T | J98: 15
A99: N-077 | B99: 1 | C99: 1 | D99: 6 | E99: 25 | G99: Delfino | H99: braccia delfino + gambe stile | I99: T | J99: 20
A100: N-078 | B100: 1 | C100: 1 | D100: 6 | E100: 50 | G100: Delfino | H100: 25 2 gambate per bracciata accentuate + 25 nuotato | I100: T | J100: 15
A101: N-079 | B101: 1 | C101: 1 | D101: 6 | E101: 25 | G101: Delfino | H101: 2 gambate per bracciata accentuate | I101: T | J101: 20
A102: N-080 | B102: 1 | C102: 1 | D102: 6 | E102: 50 | G102: Delfino | H102: 25 ondulazioni sul fianco + 25 nuotato | I102: T | J102: 15 | K102: Pinne
A103: N-081 | B103: 1 | C103: 1 | D103: 6 | E103: 25 | G103: Delfino | H103: ondulazioni sul fianco | I103: T | J103: 20 | K103: Pinne
A104: N-082 | B104: 1 | C104: 1 | D104: 8 | E104: 25 | G104: Stile libero | H104: partenza a 7 m dal muro, virata e uscita fino a 10 m | I104: T | J104: 20
A105: N-083 | B105: 1 | C105: 1 | D105: 8 | E105: 25 | G105: Dorso | H105: conta bracciate dalle bandierine, virata e subacquea | I105: T | J105: 20
A106: N-084 | B106: 1 | C106: 1 | D106: 8 | E106: 25 | G106: Misti | H106: alterna rana e delfino, tocco a due mani e uscita | I106: T | J106: 20
A107: N-085 | B107: 1 | C107: 1 | D107: 8 | E107: 50 | G107: Misti | H107: cambi DF-DO, DO-RA, RA-SL (2 per tipo) | I107: T | J107: 20
A108: N-086 | B108: 1 | C108: 1 | D108: 6 | E108: 15 | G108: A scelta | H108: partenza dal blocco, tempo ai 15 m | I108: V | J108: 60
A109: N-087 | B109: 1 | C109: 1 | D109: 6 | E109: 15 | G109: Dorso | H109: partenza dorso dal muro, subacquea | I109: V | J109: 60
A110: N-088 | B110: 1 | C110: 1 | D110: 8 | E110: 15 | G110: Delfino | H110: ondulazioni subacquee dal muro | I110: T | J110: 30 | K110: Pinne
A111: N-089 | B111: 1 | C111: 1 | D111: 6 | E111: 10 | G111: A scelta | H111: arrivo senza respirare, tocco in allungo | I111: V | J111: 30
A112: N-090 | B112: 1 | C112: 1 | D112: 8 | E112: 25 | G112: A scelta | H112: cambio staffetta a coppie dal blocco | I112: T | J112: 40
A113: N-091 | B113: 1 | C113: 1 | D113: 8 | E113: 50 | G113: Stile libero | H113: conta le bracciate, riduci di 1 ogni 2 ripetizioni | I113: A1 | J113: 20
A114: N-092 | B114: 1 | C114: 1 | D114: 8 | E114: 50 | G114: Stile libero | H114: gambe | I114: A2 | J114: 15 | K114: Tavoletta
A115: N-093 | B115: 1 | C115: 1 | D115: 6 | E115: 50 | G115: Stile libero | H115: gambe veloci | I115: B2 | J115: 30 | K115: Tavoletta
A116: N-094 | B116: 1 | C116: 1 | D116: 10 | E116: 25 | G116: Stile libero | H116: gambe massimali | I116: V | J116: 40
A117: N-095 | B117: 1 | C117: 1 | D117: 8 | E117: 50 | G117: Dorso | H117: gambe | I117: A2 | J117: 15 | K117: Tavoletta
A118: N-096 | B118: 1 | C118: 1 | D118: 6 | E118: 50 | G118: Dorso | H118: gambe veloci | I118: B2 | J118: 30 | K118: Tavoletta
A119: N-097 | B119: 1 | C119: 1 | D119: 10 | E119: 25 | G119: Dorso | H119: gambe massimali | I119: V | J119: 40
A120: N-098 | B120: 1 | C120: 1 | D120: 8 | E120: 50 | G120: Rana | H120: gambe | I120: A2 | J120: 15 | K120: Tavoletta
...
